path,category,in_map,direct,location,follow,hops,final,verdict,url
/wp-login.php/,soft-404,no,302,http://eyalamit-co-il-2026.s887.upress.link/wp-login.php,200,1,/wp-login.php,covered,https://www.eyalamit.co.il/wp-login.php?redirect_to=https://www.eyalamit.co.il/Blog/%25d7%25a1%25d7%2593%25d7%25a0%25d7%25aa-%25d7%2593%25d7%2599%25d7%2592%25d7%25a8%25d7%2599%25d7%2593%25d7%2595-%25d7%25a7%25d7%2591%25d7%2595%25d7%25a6%25d7%25aa%25d7%2599%25d7%25aa-%25d7%259e%25d7%25a7%25d7%2599%25d7%25a4%25d7%2594-%25d7%2595%25d7%2599%25d7%2599%25d7%2597%25d7%2595%25d7%2593%25d7%2599%25d7%25aa-%25d7%259c/
/דיגרידו-המרכז-לטיפול-בדיגרידו-סטודי/הדיגרידו-ככלי-לריפוי-עצמי/,alternate-canonical,yes,301,http://eyalamit-co-il-2026.s887.upress.link/treatment/,200,1,/treatment/,covered,https://www.eyalamit.co.il/דיגרידו-המרכז-לטיפול-בדיגרידו-סטודי/הדיגרידו-ככלי-לריפוי-עצמי
/דיגרידו-המרכז-לטיפול-בדיגרידו-סטודי/תיקים-לדיגרידו/nukesh-dhiman-jungel-vibes-rishikesh-india-didgeridoo-מוקש-רישיקש-דיגרידו-33/feed/,noindex,no,404,,,,,needs-410,https://www.eyalamit.co.il/דיגרידו-המרכז-לטיפול-בדיגרידו-סטודי/תיקים-לדיגרידו/nukesh-dhiman-jungel-vibes-rishikesh-india-didgeridoo-מוקש-רישיקש-דיגרידו-33/feed/
/דיגרידו-המרכז-לטיפול-בדיגרידו-סטודי/תיקים-לדיגרידו/nukesh-dhiman-jungel-vibes-rishikesh-india-didgeridoo-מוקש-רישיקש-דיגרידו-32/feed/,noindex,no,404,,,,,needs-410,https://www.eyalamit.co.il/דיגרידו-המרכז-לטיפול-בדיגרידו-סטודי/תיקים-לדיגרידו/nukesh-dhiman-jungel-vibes-rishikesh-india-didgeridoo-מוקש-רישיקש-דיגרידו-32/feed/
/דיגרידו-המרכז-לטיפול-בדיגרידו-סטודי/תיקים-לדיגרידו/whatsapp-image-2021-10-16-at-12-18-46/feed/,noindex,no,404,,,,,needs-410,https://www.eyalamit.co.il/דיגרידו-המרכז-לטיפול-בדיגרידו-סטודי/תיקים-לדיגרידו/whatsapp-image-2021-10-16-at-12-18-46/feed/
/דיגרידו-המרכז-לטיפול-בדיגרידו-סטודי/תיקים-לדיגרידו/nukesh-dhiman-jungel-vibes-rishikesh-india-didgeridoo-מוקש-רישיקש-דיגרידו-83/feed/,noindex,no,404,,,,,needs-410,https://www.eyalamit.co.il/דיגרידו-המרכז-לטיפול-בדיגרידו-סטודי/תיקים-לדיגרידו/nukesh-dhiman-jungel-vibes-rishikesh-india-didgeridoo-מוקש-רישיקש-דיגרידו-83/feed/
/Blog/tag/בייס-גאמפ/feed/,noindex,regex:/Blog/,301,http://eyalamit-co-il-2026.s887.upress.link/blog/tag/%D7%91%D7%99%D7%99%D7%A1-%D7%92%D7%90%D7%9E%D7%A4/feed/,404,1,/blog/tag/בייס-גאמפ/feed/,needs-content-check,https://www.eyalamit.co.il/Blog/tag/בייס-גאמפ/feed/
/Blog/דיגרידו-פרדס-חנה-סטודיו-לבנייה-ונגינ/1017337_294771040668412_836055525_n/feed/,noindex,regex:/Blog/,301,http://eyalamit-co-il-2026.s887.upress.link/blog/%D7%93%D7%99%D7%92%D7%A8%D7%99%D7%93%D7%95-%D7%A4%D7%A8%D7%93%D7%A1-%D7%97%D7%A0%D7%94-%D7%A1%D7%98%D7%95%D7%93%D7%99%D7%95-%D7%9C%D7%91%D7%A0%D7%99%D7%99%D7%94-%D7%95%D7%A0%D7%92%D7%99%D7%A0/1017337_294771040668412_836055525_n/feed/,404,1,/blog/דיגרידו-פרדס-חנה-סטודיו-לבנייה-ונגינ/1017337_294771040668412_836055525_n/feed/,needs-content-check,https://www.eyalamit.co.il/Blog/דיגרידו-פרדס-חנה-סטודיו-לבנייה-ונגינ/1017337_294771040668412_836055525_n/feed/
/דיגרידו-המרכז-לטיפול-בדיגרידו-סטודי/תיקים-לדיגרידו/nukesh-dhiman-jungel-vibes-rishikesh-india-didgeridoo-מוקש-רישיקש-דיגרידו-43/feed/,noindex,no,404,,,,,needs-410,https://www.eyalamit.co.il/דיגרידו-המרכז-לטיפול-בדיגרידו-סטודי/תיקים-לדיגרידו/nukesh-dhiman-jungel-vibes-rishikesh-india-didgeridoo-מוקש-רישיקש-דיגרידו-43/feed/
/qr/qr10/feed/,noindex,no,200,,,,,false-positive,https://www.eyalamit.co.il/qr/qr10/feed/
/Blog/דיגרידו-פרדס-חנה-סטודיו-לבנייה-ונגינ/feed/,noindex,regex:/Blog/,301,http://eyalamit-co-il-2026.s887.upress.link/blog/%D7%93%D7%99%D7%92%D7%A8%D7%99%D7%93%D7%95-%D7%A4%D7%A8%D7%93%D7%A1-%D7%97%D7%A0%D7%94-%D7%A1%D7%98%D7%95%D7%93%D7%99%D7%95-%D7%9C%D7%91%D7%A0%D7%99%D7%99%D7%94-%D7%95%D7%A0%D7%92%D7%99%D7%A0/feed/,404,1,/blog/דיגרידו-פרדס-חנה-סטודיו-לבנייה-ונגינ/feed/,needs-content-check,https://www.eyalamit.co.il/Blog/דיגרידו-פרדס-חנה-סטודיו-לבנייה-ונגינ/feed/
/דיגרידו-המרכז-לטיפול-בדיגרידו-סטודי/1-6/feed/,noindex,no,404,,,,,needs-410,https://www.eyalamit.co.il/דיגרידו-המרכז-לטיפול-בדיגרידו-סטודי/1-6/feed/
/Blog/portfolio-category/business/feed/,noindex,regex:/Blog/,301,http://eyalamit-co-il-2026.s887.upress.link/blog/portfolio-category/business/feed/,404,1,/blog/portfolio-category/business/feed/,needs-content-check,https://www.eyalamit.co.il/Blog/portfolio-category/business/feed/
/דיגרידו-המרכז-לטיפול-בדיגרידו-סטודי/תיקים-לדיגרידו/nukesh-dhiman-jungel-vibes-rishikesh-india-didgeridoo-מוקש-רישיקש-דיגרידו-95/feed/,noindex,no,404,,,,,needs-410,https://www.eyalamit.co.il/דיגרידו-המרכז-לטיפול-בדיגרידו-סטודי/תיקים-לדיגרידו/nukesh-dhiman-jungel-vibes-rishikesh-india-didgeridoo-מוקש-רישיקש-דיגרידו-95/feed/
/דיגרידו-המרכז-לטיפול-בדיגרידו-סטודי/תיקים-לדיגרידו/nukesh-dhiman-jungel-vibes-rishikesh-india-didgeridoo-מוקש-רישיקש-דיגרידו-165/feed/,noindex,no,404,,,,,needs-410,https://www.eyalamit.co.il/דיגרידו-המרכז-לטיפול-בדיגרידו-סטודי/תיקים-לדיגרידו/nukesh-dhiman-jungel-vibes-rishikesh-india-didgeridoo-מוקש-רישיקש-דיגרידו-165/feed/
/Blog/49-הטור-של-אייל-עמית-קומיק-רליף/feed/,noindex,regex:/Blog/,301,http://eyalamit-co-il-2026.s887.upress.link/blog/49-%D7%94%D7%98%D7%95%D7%A8-%D7%A9%D7%9C-%D7%90%D7%99%D7%99%D7%9C-%D7%A2%D7%9E%D7%99%D7%AA-%D7%A7%D7%95%D7%9E%D7%99%D7%A7-%D7%A8%D7%9C%D7%99%D7%A3/feed/,404,1,/blog/49-הטור-של-אייל-עמית-קומיק-רליף/feed/,needs-content-check,https://www.eyalamit.co.il/Blog/49-הטור-של-אייל-עמית-קומיק-רליף/feed/
/דיגרידו-המרכז-לטיפול-בדיגרידו-סטודי/תיקים-לדיגרידו/nukesh-dhiman-jungel-vibes-rishikesh-india-didgeridoo-מוקש-רישיקש-דיגרידו-57/feed/,noindex,no,404,,,,,needs-410,https://www.eyalamit.co.il/דיגרידו-המרכז-לטיפול-בדיגרידו-סטודי/תיקים-לדיגרידו/nukesh-dhiman-jungel-vibes-rishikesh-india-didgeridoo-מוקש-רישיקש-דיגרידו-57/feed/
/Gallery/וכתבת/רני-כהן-ניצן-וכתבת/feed/,noindex,no,404,,,,,needs-410,https://www.eyalamit.co.il/Gallery/וכתבת/רני-כהן-ניצן-וכתבת/feed/
/דיגרידו-המרכז-לטיפול-בדיגרידו-סטודי/תיקים-לדיגרידו/nukesh-dhiman-jungel-vibes-rishikesh-india-didgeridoo-מוקש-רישיקש-דיגרידו-3/feed/,noindex,no,404,,,,,needs-410,https://www.eyalamit.co.il/דיגרידו-המרכז-לטיפול-בדיגרידו-סטודי/תיקים-לדיגרידו/nukesh-dhiman-jungel-vibes-rishikesh-india-didgeridoo-מוקש-רישיקש-דיגרידו-3/feed/
/דיגרידו-המרכז-לטיפול-בדיגרידו-סטודי/תיקים-לדיגרידו/nukesh-dhiman-jungel-vibes-rishikesh-india-didgeridoo-מוקש-רישיקש-דיגרידו-174/feed/,noindex,no,404,,,,,needs-410,https://www.eyalamit.co.il/דיגרידו-המרכז-לטיפול-בדיגרידו-סטודי/תיקים-לדיגרידו/nukesh-dhiman-jungel-vibes-rishikesh-india-didgeridoo-מוקש-רישיקש-דיגרידו-174/feed/
/דיגרידו-המרכז-לטיפול-בדיגרידו-סטודי/תיקים-לדיגרידו/nukesh-dhiman-jungel-vibes-rishikesh-india-didgeridoo-מוקש-רישיקש-דיגרידו-27/feed/,noindex,no,404,,,,,needs-410,https://www.eyalamit.co.il/דיגרידו-המרכז-לטיפול-בדיגרידו-סטודי/תיקים-לדיגרידו/nukesh-dhiman-jungel-vibes-rishikesh-india-didgeridoo-מוקש-רישיקש-דיגרידו-27/feed/
/דיגרידו-המרכז-לטיפול-בדיגרידו-סטודי/תיקים-לדיגרידו/nukesh-dhiman-jungel-vibes-rishikesh-india-didgeridoo-מוקש-רישיקש-דיגרידו-71/feed/,noindex,no,404,,,,,needs-410,https://www.eyalamit.co.il/דיגרידו-המרכז-לטיפול-בדיגרידו-סטודי/תיקים-לדיגרידו/nukesh-dhiman-jungel-vibes-rishikesh-india-didgeridoo-מוקש-רישיקש-דיגרידו-71/feed/
/דיגרידו-המרכז-לטיפול-בדיגרידו-סטודי/תיקים-לדיגרידו/nukesh-dhiman-jungel-vibes-rishikesh-india-didgeridoo-מוקש-רישיקש-דיגרידו-85/feed/,noindex,no,404,,,,,needs-410,https://www.eyalamit.co.il/דיגרידו-המרכז-לטיפול-בדיגרידו-סטודי/תיקים-לדיגרידו/nukesh-dhiman-jungel-vibes-rishikesh-india-didgeridoo-מוקש-רישיקש-דיגרידו-85/feed/
/דיגרידו-המרכז-לטיפול-בדיגרידו-סטודי/תיקים-לדיגרידו/nukesh-dhiman-jungel-vibes-rishikesh-india-didgeridoo-מוקש-רישיקש-דיגרידו-41/feed/,noindex,no,404,,,,,needs-410,https://www.eyalamit.co.il/דיגרידו-המרכז-לטיפול-בדיגרידו-סטודי/תיקים-לדיגרידו/nukesh-dhiman-jungel-vibes-rishikesh-india-didgeridoo-מוקש-רישיקש-דיגרידו-41/feed/
/דיגרידו-המרכז-לטיפול-בדיגרידו-סטודי/תיקים-לדיגרידו/nukesh-dhiman-jungel-vibes-rishikesh-india-didgeridoo-מוקש-רישיקש-דיגרידו-53/feed/,noindex,no,404,,,,,needs-410,https://www.eyalamit.co.il/דיגרידו-המרכז-לטיפול-בדיגרידו-סטודי/תיקים-לדיגרידו/nukesh-dhiman-jungel-vibes-rishikesh-india-didgeridoo-מוקש-רישיקש-דיגרידו-53/feed/
/דיגרידו-המרכז-לטיפול-בדיגרידו-סטודי/20230628_120718/feed/,noindex,no,404,,,,,needs-410,https://www.eyalamit.co.il/דיגרידו-המרכז-לטיפול-בדיגרידו-סטודי/20230628_120718/feed/
/דיגרידו-המרכז-לטיפול-בדיגרידו-סטודי/תיקים-לדיגרידו/nukesh-dhiman-jungel-vibes-rishikesh-india-didgeridoo-מוקש-רישיקש-דיגרידו-107/feed/,noindex,no,404,,,,,needs-410,https://www.eyalamit.co.il/דיגרידו-המרכז-לטיפול-בדיגרידו-סטודי/תיקים-לדיגרידו/nukesh-dhiman-jungel-vibes-rishikesh-india-didgeridoo-מוקש-רישיקש-דיגרידו-107/feed/
/דיגרידו-המרכז-לטיפול-בדיגרידו-סטודי/תיקים-לדיגרידו/whatsapp-image-2021-10-16-at-12-17-42/feed/,noindex,no,404,,,,,needs-410,https://www.eyalamit.co.il/דיגרידו-המרכז-לטיפול-בדיגרידו-סטודי/תיקים-לדיגרידו/whatsapp-image-2021-10-16-at-12-17-42/feed/
/דיגרידו-המרכז-לטיפול-בדיגרידו-סטודי/תיקים-לדיגרידו/nukesh-dhiman-jungel-vibes-rishikesh-india-didgeridoo-מוקש-רישיקש-דיגרידו-35/feed/,noindex,no,404,,,,,needs-410,https://www.eyalamit.co.il/דיגרידו-המרכז-לטיפול-בדיגרידו-סטודי/תיקים-לדיגרידו/nukesh-dhiman-jungel-vibes-rishikesh-india-didgeridoo-מוקש-רישיקש-דיגרידו-35/feed/
/דיגרידו-המרכז-לטיפול-בדיגרידו-סטודי/תיקים-לדיגרידו/nukesh-dhiman-jungel-vibes-rishikesh-india-didgeridoo-מוקש-רישיקש-דיגרידו-142/feed/,noindex,no,404,,,,,needs-410,https://www.eyalamit.co.il/דיגרידו-המרכז-לטיפול-בדיגרידו-סטודי/תיקים-לדיגרידו/nukesh-dhiman-jungel-vibes-rishikesh-india-didgeridoo-מוקש-רישיקש-דיגרידו-142/feed/
/Blog/נשים-מנגנות-בדיגרידו-אישה-מנגנת-בדיג-2/468527773_10171947596945206_5785762819737622397_n-1/feed/,noindex,regex:/Blog/,301,http://eyalamit-co-il-2026.s887.upress.link/blog/%D7%A0%D7%A9%D7%99%D7%9D-%D7%9E%D7%A0%D7%92%D7%A0%D7%95%D7%AA-%D7%91%D7%93%D7%99%D7%92%D7%A8%D7%99%D7%93%D7%95-%D7%90%D7%99%D7%A9%D7%94-%D7%9E%D7%A0%D7%92%D7%A0%D7%AA-%D7%91%D7%93%D7%99%D7%92-2/468527773_10171947596945206_5785762819737622397_n-1/feed/,404,1,/blog/נשים-מנגנות-בדיגרידו-אישה-מנגנת-בדיג-2/468527773_10171947596945206_5785762819737622397_n-1/feed/,needs-content-check,https://www.eyalamit.co.il/Blog/נשים-מנגנות-בדיגרידו-אישה-מנגנת-בדיג-2/468527773_10171947596945206_5785762819737622397_n-1/feed/
/Blog/tag/הון-שילטון/feed/,noindex,regex:/Blog/,301,http://eyalamit-co-il-2026.s887.upress.link/blog/tag/%D7%94%D7%95%D7%9F-%D7%A9%D7%99%D7%9C%D7%98%D7%95%D7%9F/feed/,404,1,/blog/tag/הון-שילטון/feed/,needs-content-check,https://www.eyalamit.co.il/Blog/tag/הון-שילטון/feed/
/Blog/author/sumsumle1/feed/,noindex,regex:/Blog/,301,http://eyalamit-co-il-2026.s887.upress.link/blog/author/sumsumle1/feed/,404,1,/blog/author/sumsumle1/feed/,needs-content-check,https://www.eyalamit.co.il/Blog/author/sumsumle1/feed/
/דיגרידו-המרכז-לטיפול-בדיגרידו-סטודי/תיקים-לדיגרידו/nukesh-dhiman-jungel-vibes-rishikesh-india-didgeridoo-מוקש-רישיקש-דיגרידו-82/feed/,noindex,no,404,,,,,needs-410,https://www.eyalamit.co.il/דיגרידו-המרכז-לטיפול-בדיגרידו-סטודי/תיקים-לדיגרידו/nukesh-dhiman-jungel-vibes-rishikesh-india-didgeridoo-מוקש-רישיקש-דיגרידו-82/feed/
/Blog/סיפורים-מהנייר-עם-אייל-עמית/hashaka/feed/,noindex,regex:/Blog/,301,http://eyalamit-co-il-2026.s887.upress.link/blog/%D7%A1%D7%99%D7%A4%D7%95%D7%A8%D7%99%D7%9D-%D7%9E%D7%94%D7%A0%D7%99%D7%99%D7%A8-%D7%A2%D7%9D-%D7%90%D7%99%D7%99%D7%9C-%D7%A2%D7%9E%D7%99%D7%AA/hashaka/feed/,404,1,/blog/סיפורים-מהנייר-עם-אייל-עמית/hashaka/feed/,needs-content-check,https://www.eyalamit.co.il/Blog/סיפורים-מהנייר-עם-אייל-עמית/hashaka/feed/
/דיגרידו-המרכז-לטיפול-בדיגרידו-סטודי/תיקים-לדיגרידו/whatsapp-image-2021-10-16-at-12-56-46-6/feed/,noindex,no,404,,,,,needs-410,https://www.eyalamit.co.il/דיגרידו-המרכז-לטיפול-בדיגרידו-סטודי/תיקים-לדיגרידו/whatsapp-image-2021-10-16-at-12-56-46-6/feed/
/דיגרידו-המרכז-לטיפול-בדיגרידו-סטודי/תיקים-לדיגרידו/nukesh-dhiman-jungel-vibes-rishikesh-india-didgeridoo-מוקש-רישיקש-דיגרידו-55/feed/,noindex,no,404,,,,,needs-410,https://www.eyalamit.co.il/דיגרידו-המרכז-לטיפול-בדיגרידו-סטודי/תיקים-לדיגרידו/nukesh-dhiman-jungel-vibes-rishikesh-india-didgeridoo-מוקש-רישיקש-דיגרידו-55/feed/
/Blog/תלמידים-ומטופלים-ממליצים-על-המרכז-לטי/358086052_10160824456333588_1073174942886242079_n-2/feed/,noindex,regex:/Blog/,301,http://eyalamit-co-il-2026.s887.upress.link/blog/%D7%AA%D7%9C%D7%9E%D7%99%D7%93%D7%99%D7%9D-%D7%95%D7%9E%D7%98%D7%95%D7%A4%D7%9C%D7%99%D7%9D-%D7%9E%D7%9E%D7%9C%D7%99%D7%A6%D7%99%D7%9D-%D7%A2%D7%9C-%D7%94%D7%9E%D7%A8%D7%9B%D7%96-%D7%9C%D7%98%D7%99/358086052_10160824456333588_1073174942886242079_n-2/feed/,404,1,/blog/תלמידים-ומטופלים-ממליצים-על-המרכז-לטי/358086052_10160824456333588_1073174942886242079_n-2/feed/,needs-content-check,https://www.eyalamit.co.il/Blog/תלמידים-ומטופלים-ממליצים-על-המרכז-לטי/358086052_10160824456333588_1073174942886242079_n-2/feed/
/qr/qr27/feed/,noindex,no,200,,,,,false-positive,https://www.eyalamit.co.il/qr/qr27/feed/
/qr/qr34/feed/,noindex,no,200,,,,,false-positive,https://www.eyalamit.co.il/qr/qr34/feed/
/דיגרידו-המרכז-לטיפול-בדיגרידו-סטודי/תיקים-לדיגרידו/nukesh-dhiman-jungel-vibes-rishikesh-india-didgeridoo-מוקש-רישיקש-דיגרידו-104/feed/,noindex,no,404,,,,,needs-410,https://www.eyalamit.co.il/דיגרידו-המרכז-לטיפול-בדיגרידו-סטודי/תיקים-לדיגרידו/nukesh-dhiman-jungel-vibes-rishikesh-india-didgeridoo-מוקש-רישיקש-דיגרידו-104/feed/
/דיגרידו-המרכז-לטיפול-בדיגרידו-סטודי/תיקים-לדיגרידו/nukesh-dhiman-jungel-vibes-rishikesh-india-didgeridoo-מוקש-רישיקש-דיגרידו-66/feed/,noindex,no,404,,,,,needs-410,https://www.eyalamit.co.il/דיגרידו-המרכז-לטיפול-בדיגרידו-סטודי/תיקים-לדיגרידו/nukesh-dhiman-jungel-vibes-rishikesh-india-didgeridoo-מוקש-רישיקש-דיגרידו-66/feed/
/Blog/tag/ספורט/feed/,noindex,regex:/Blog/,301,http://eyalamit-co-il-2026.s887.upress.link/blog/tag/%D7%A1%D7%A4%D7%95%D7%A8%D7%98/feed/,404,1,/blog/tag/ספורט/feed/,needs-content-check,https://www.eyalamit.co.il/Blog/tag/ספורט/feed/
/qr/qr5/feed/,noindex,no,200,,,,,false-positive,https://www.eyalamit.co.il/qr/qr5/feed/
/,noindex,no,200,,,,,false-positive,https://www.eyalamit.co.il/?s=%7Bsearch_term_string%7D
/Blog/ביקורות-גולשים-אודות-עכשיו-מופע-הסיפ/אייל-עמית-174/feed/,noindex,regex:/Blog/,301,http://eyalamit-co-il-2026.s887.upress.link/blog/%D7%91%D7%99%D7%A7%D7%95%D7%A8%D7%95%D7%AA-%D7%92%D7%95%D7%9C%D7%A9%D7%99%D7%9D-%D7%90%D7%95%D7%93%D7%95%D7%AA-%D7%A2%D7%9B%D7%A9%D7%99%D7%95-%D7%9E%D7%95%D7%A4%D7%A2-%D7%94%D7%A1%D7%99%D7%A4/%D7%90%D7%99%D7%99%D7%9C-%D7%A2%D7%9E%D7%99%D7%AA-174/feed/,404,1,/blog/ביקורות-גולשים-אודות-עכשיו-מופע-הסיפ/אייל-עמית-174/feed/,needs-content-check,https://www.eyalamit.co.il/Blog/ביקורות-גולשים-אודות-עכשיו-מופע-הסיפ/אייל-עמית-174/feed/
/דיגרידו-המרכז-לטיפול-בדיגרידו-סטודי/תיקים-לדיגרידו/nukesh-dhiman-jungel-vibes-rishikesh-india-didgeridoo-מוקש-רישיקש-דיגרידו-164/feed/,noindex,no,404,,,,,needs-410,https://www.eyalamit.co.il/דיגרידו-המרכז-לטיפול-בדיגרידו-סטודי/תיקים-לדיגרידו/nukesh-dhiman-jungel-vibes-rishikesh-india-didgeridoo-מוקש-רישיקש-דיגרידו-164/feed/
/דיגרידו-המרכז-לטיפול-בדיגרידו-סטודי/תיקים-לדיגרידו/nukesh-dhiman-jungel-vibes-rishikesh-india-didgeridoo-מוקש-רישיקש-דיגרידו-5/feed/,noindex,no,404,,,,,needs-410,https://www.eyalamit.co.il/דיגרידו-המרכז-לטיפול-בדיגרידו-סטודי/תיקים-לדיגרידו/nukesh-dhiman-jungel-vibes-rishikesh-india-didgeridoo-מוקש-רישיקש-דיגרידו-5/feed/
/דיגרידו-המרכז-לטיפול-בדיגרידו-סטודי/תיקים-לדיגרידו/nukesh-dhiman-jungel-vibes-rishikesh-india-didgeridoo-מוקש-רישיקש-דיגרידו-169/feed/,noindex,no,404,,,,,needs-410,https://www.eyalamit.co.il/דיגרידו-המרכז-לטיפול-בדיגרידו-סטודי/תיקים-לדיגרידו/nukesh-dhiman-jungel-vibes-rishikesh-india-didgeridoo-מוקש-רישיקש-דיגרידו-169/feed/
/דיגרידו-המרכז-לטיפול-בדיגרידו-סטודי/תיקים-לדיגרידו/whatsapp-image-2021-10-16-at-01-18-18-2/feed/,noindex,no,404,,,,,needs-410,https://www.eyalamit.co.il/דיגרידו-המרכז-לטיפול-בדיגרידו-סטודי/תיקים-לדיגרידו/whatsapp-image-2021-10-16-at-01-18-18-2/feed/
/דיגרידו-המרכז-לטיפול-בדיגרידו-סטודי/תיקים-לדיגרידו/nukesh-dhiman-jungel-vibes-rishikesh-india-didgeridoo-מוקש-רישיקש-דיגרידו-151/feed/,noindex,no,404,,,,,needs-410,https://www.eyalamit.co.il/דיגרידו-המרכז-לטיפול-בדיגרידו-סטודי/תיקים-לדיגרידו/nukesh-dhiman-jungel-vibes-rishikesh-india-didgeridoo-מוקש-רישיקש-דיגרידו-151/feed/
/דיגרידו-המרכז-לטיפול-בדיגרידו-סטודי/תיקים-לדיגרידו/nukesh-dhiman-jungel-vibes-rishikesh-india-didgeridoo-מוקש-רישיקש-דיגרידו-167/feed/,noindex,no,404,,,,,needs-410,https://www.eyalamit.co.il/דיגרידו-המרכז-לטיפול-בדיגרידו-סטודי/תיקים-לדיגרידו/nukesh-dhiman-jungel-vibes-rishikesh-india-didgeridoo-מוקש-רישיקש-דיגרידו-167/feed/
/דיגרידו-המרכז-לטיפול-בדיגרידו-סטודי/תיקים-לדיגרידו/nukesh-dhiman-jungel-vibes-rishikesh-india-didgeridoo-מוקש-רישיקש-דיגרידו-68/feed/,noindex,no,404,,,,,needs-410,https://www.eyalamit.co.il/דיגרידו-המרכז-לטיפול-בדיגרידו-סטודי/תיקים-לדיגרידו/nukesh-dhiman-jungel-vibes-rishikesh-india-didgeridoo-מוקש-רישיקש-דיגרידו-68/feed/
/דיגרידו-המרכז-לטיפול-בדיגרידו-סטודי/תיקים-לדיגרידו/nukesh-dhiman-jungel-vibes-rishikesh-india-didgeridoo-מוקש-רישיקש-דיגרידו-91/feed/,noindex,no,404,,,,,needs-410,https://www.eyalamit.co.il/דיגרידו-המרכז-לטיפול-בדיגרידו-סטודי/תיקים-לדיגרידו/nukesh-dhiman-jungel-vibes-rishikesh-india-didgeridoo-מוקש-רישיקש-דיגרידו-91/feed/
/דיגרידו-המרכז-לטיפול-בדיגרידו-סטודי/תיקים-לדיגרידו/nukesh-dhiman-jungel-vibes-rishikesh-india-didgeridoo-מוקש-רישיקש-דיגרידו-64/feed/,noindex,no,404,,,,,needs-410,https://www.eyalamit.co.il/דיגרידו-המרכז-לטיפול-בדיגרידו-סטודי/תיקים-לדיגרידו/nukesh-dhiman-jungel-vibes-rishikesh-india-didgeridoo-מוקש-רישיקש-דיגרידו-64/feed/
/דיגרידו-המרכז-לטיפול-בדיגרידו-סטודי/untitled-9/feed/,noindex,no,404,,,,,needs-410,https://www.eyalamit.co.il/דיגרידו-המרכז-לטיפול-בדיגרידו-סטודי/untitled-9/feed/
/דיגרידו-המרכז-לטיפול-בדיגרידו-סטודי/תיקים-לדיגרידו/nukesh-dhiman-jungel-vibes-rishikesh-india-didgeridoo-מוקש-רישיקש-דיגרידו-122/feed/,noindex,no,404,,,,,needs-410,https://www.eyalamit.co.il/דיגרידו-המרכז-לטיפול-בדיגרידו-סטודי/תיקים-לדיגרידו/nukesh-dhiman-jungel-vibes-rishikesh-india-didgeridoo-מוקש-רישיקש-דיגרידו-122/feed/
/דיגרידו-המרכז-לטיפול-בדיגרידו-סטודי/תיקים-לדיגרידו/nukesh-dhiman-jungel-vibes-rishikesh-india-didgeridoo-מוקש-רישיקש-דיגרידו-168/feed/,noindex,no,404,,,,,needs-410,https://www.eyalamit.co.il/דיגרידו-המרכז-לטיפול-בדיגרידו-סטודי/תיקים-לדיגרידו/nukesh-dhiman-jungel-vibes-rishikesh-india-didgeridoo-מוקש-רישיקש-דיגרידו-168/feed/
/Blog/מורה-לדיגרידו-מודה-למוריו-תלמידיו-ומט/feed/,noindex,regex:/Blog/,301,http://eyalamit-co-il-2026.s887.upress.link/blog/%D7%9E%D7%95%D7%A8%D7%94-%D7%9C%D7%93%D7%99%D7%92%D7%A8%D7%99%D7%93%D7%95-%D7%9E%D7%95%D7%93%D7%94-%D7%9C%D7%9E%D7%95%D7%A8%D7%99%D7%95-%D7%AA%D7%9C%D7%9E%D7%99%D7%93%D7%99%D7%95-%D7%95%D7%9E%D7%98/feed/,404,1,/blog/מורה-לדיגרידו-מודה-למוריו-תלמידיו-ומט/feed/,needs-content-check,https://www.eyalamit.co.il/Blog/מורה-לדיגרידו-מודה-למוריו-תלמידיו-ומט/feed/
/דיגרידו-המרכז-לטיפול-בדיגרידו-סטודי/תיקים-לדיגרידו/nukesh-dhiman-jungel-vibes-rishikesh-india-didgeridoo-מוקש-רישיקש-דיגרידו-141/feed/,noindex,no,404,,,,,needs-410,https://www.eyalamit.co.il/דיגרידו-המרכז-לטיפול-בדיגרידו-סטודי/תיקים-לדיגרידו/nukesh-dhiman-jungel-vibes-rishikesh-india-didgeridoo-מוקש-רישיקש-דיגרידו-141/feed/
/דיגרידו-המרכז-לטיפול-בדיגרידו-סטודי/תיקים-לדיגרידו/nukesh-dhiman-jungel-vibes-rishikesh-india-didgeridoo-מוקש-רישיקש-דיגרידו-12/feed/,noindex,no,404,,,,,needs-410,https://www.eyalamit.co.il/דיגרידו-המרכז-לטיפול-בדיגרידו-סטודי/תיקים-לדיגרידו/nukesh-dhiman-jungel-vibes-rishikesh-india-didgeridoo-מוקש-רישיקש-דיגרידו-12/feed/
/דיגרידו-המרכז-לטיפול-בדיגרידו-סטודי/תיקים-לדיגרידו/nukesh-dhiman-jungel-vibes-rishikesh-india-didgeridoo-מוקש-רישיקש-דיגרידו-59/feed/,noindex,no,404,,,,,needs-410,https://www.eyalamit.co.il/דיגרידו-המרכז-לטיפול-בדיגרידו-סטודי/תיקים-לדיגרידו/nukesh-dhiman-jungel-vibes-rishikesh-india-didgeridoo-מוקש-רישיקש-דיגרידו-59/feed/
/דיגרידו-המרכז-לטיפול-בדיגרידו-סטודי/תיקים-לדיגרידו/nukesh-dhiman-jungel-vibes-rishikesh-india-didgeridoo-מוקש-רישיקש-דיגרידו-129/feed/,noindex,no,404,,,,,needs-410,https://www.eyalamit.co.il/דיגרידו-המרכז-לטיפול-בדיגרידו-סטודי/תיקים-לדיגרידו/nukesh-dhiman-jungel-vibes-rishikesh-india-didgeridoo-מוקש-רישיקש-דיגרידו-129/feed/
/דיגרידו-המרכז-לטיפול-בדיגרידו-סטודי/untitled-10/feed/,noindex,no,404,,,,,needs-410,https://www.eyalamit.co.il/דיגרידו-המרכז-לטיפול-בדיגרידו-סטודי/untitled-10/feed/
/דיגרידו-המרכז-לטיפול-בדיגרידו-סטודי/באנר1/feed/,noindex,no,404,,,,,needs-410,https://www.eyalamit.co.il/דיגרידו-המרכז-לטיפול-בדיגרידו-סטודי/באנר1/feed/
/דיגרידו-המרכז-לטיפול-בדיגרידו-סטודי/סטנד-רצפתי-לדיגרידו-לנגינה-בישיבה-נמו/20230608_164644/feed/,noindex,no,404,,,,,needs-410,https://www.eyalamit.co.il/דיגרידו-המרכז-לטיפול-בדיגרידו-סטודי/סטנד-רצפתי-לדיגרידו-לנגינה-בישיבה-נמו/20230608_164644/feed/
/דיגרידו-המרכז-לטיפול-בדיגרידו-סטודי/תיקים-לדיגרידו/nukesh-dhiman-jungel-vibes-rishikesh-india-didgeridoo-מוקש-רישיקש-דיגרידו-89/feed/,noindex,no,404,,,,,needs-410,https://www.eyalamit.co.il/דיגרידו-המרכז-לטיפול-בדיגרידו-סטודי/תיקים-לדיגרידו/nukesh-dhiman-jungel-vibes-rishikesh-india-didgeridoo-מוקש-רישיקש-דיגרידו-89/feed/
/דיגרידו-המרכז-לטיפול-בדיגרידו-סטודי/whatsapp-image-2021-10-14-at-12-31-10/feed/,noindex,no,404,,,,,needs-410,https://www.eyalamit.co.il/דיגרידו-המרכז-לטיפול-בדיגרידו-סטודי/whatsapp-image-2021-10-14-at-12-31-10/feed/
/דיגרידו-המרכז-לטיפול-בדיגרידו-סטודי/תיקים-לדיגרידו/nukesh-dhiman-jungel-vibes-rishikesh-india-didgeridoo-מוקש-רישיקש-דיגרידו-7/feed/,noindex,no,404,,,,,needs-410,https://www.eyalamit.co.il/דיגרידו-המרכז-לטיפול-בדיגרידו-סטודי/תיקים-לדיגרידו/nukesh-dhiman-jungel-vibes-rishikesh-india-didgeridoo-מוקש-רישיקש-דיגרידו-7/feed/
/Blog/סדנת-דיגרידו-קבוצתית-מקיפה-וייחודית-ל/דיגרידו-אייל-עמית-2/feed/,noindex,regex:/Blog/,301,http://eyalamit-co-il-2026.s887.upress.link/blog/%D7%A1%D7%93%D7%A0%D7%AA-%D7%93%D7%99%D7%92%D7%A8%D7%99%D7%93%D7%95-%D7%A7%D7%91%D7%95%D7%A6%D7%AA%D7%99%D7%AA-%D7%9E%D7%A7%D7%99%D7%A4%D7%94-%D7%95%D7%99%D7%99%D7%97%D7%95%D7%93%D7%99%D7%AA-%D7%9C/%D7%93%D7%99%D7%92%D7%A8%D7%99%D7%93%D7%95-%D7%90%D7%99%D7%99%D7%9C-%D7%A2%D7%9E%D7%99%D7%AA-2/feed/,404,1,/blog/סדנת-דיגרידו-קבוצתית-מקיפה-וייחודית-ל/דיגרידו-אייל-עמית-2/feed/,needs-content-check,https://www.eyalamit.co.il/Blog/סדנת-דיגרידו-קבוצתית-מקיפה-וייחודית-ל/דיגרידו-אייל-עמית-2/feed/
/דיגרידו-המרכז-לטיפול-בדיגרידו-סטודי/סטנד-רצפתי-לדיגרידו-לנגינה-בישיבה-נמו/20230607_111446/feed/,noindex,no,404,,,,,needs-410,https://www.eyalamit.co.il/דיגרידו-המרכז-לטיפול-בדיגרידו-סטודי/סטנד-רצפתי-לדיגרידו-לנגינה-בישיבה-נמו/20230607_111446/feed/
/דיגרידו-המרכז-לטיפול-בדיגרידו-סטודי/תיקים-לדיגרידו/nukesh-dhiman-jungel-vibes-rishikesh-india-didgeridoo-מוקש-רישיקש-דיגרידו-65/feed/,noindex,no,404,,,,,needs-410,https://www.eyalamit.co.il/דיגרידו-המרכז-לטיפול-בדיגרידו-סטודי/תיקים-לדיגרידו/nukesh-dhiman-jungel-vibes-rishikesh-india-didgeridoo-מוקש-רישיקש-דיגרידו-65/feed/
/Blog/סדנה-קבוצתית-מקיפה-וייחודית-לנשימה-מע/סטודיו/feed/,noindex,regex:/Blog/,301,http://eyalamit-co-il-2026.s887.upress.link/blog/%D7%A1%D7%93%D7%A0%D7%94-%D7%A7%D7%91%D7%95%D7%A6%D7%AA%D7%99%D7%AA-%D7%9E%D7%A7%D7%99%D7%A4%D7%94-%D7%95%D7%99%D7%99%D7%97%D7%95%D7%93%D7%99%D7%AA-%D7%9C%D7%A0%D7%A9%D7%99%D7%9E%D7%94-%D7%9E%D7%A2/%D7%A1%D7%98%D7%95%D7%93%D7%99%D7%95/feed/,404,1,/blog/סדנה-קבוצתית-מקיפה-וייחודית-לנשימה-מע/סטודיו/feed/,needs-content-check,https://www.eyalamit.co.il/Blog/סדנה-קבוצתית-מקיפה-וייחודית-לנשימה-מע/סטודיו/feed/
/דיגרידו-המרכז-לטיפול-בדיגרידו-סטודי/תיקים-לדיגרידו/nukesh-dhiman-jungel-vibes-rishikesh-india-didgeridoo-מוקש-רישיקש-דיגרידו-1-3/feed/,noindex,no,404,,,,,needs-410,https://www.eyalamit.co.il/דיגרידו-המרכז-לטיפול-בדיגרידו-סטודי/תיקים-לדיגרידו/nukesh-dhiman-jungel-vibes-rishikesh-india-didgeridoo-מוקש-רישיקש-דיגרידו-1-3/feed/
/דיגרידו-המרכז-לטיפול-בדיגרידו-סטודי/anyconv-com__20230911_141014/feed/,noindex,no,404,,,,,needs-410,https://www.eyalamit.co.il/דיגרידו-המרכז-לטיפול-בדיגרידו-סטודי/anyconv-com__20230911_141014/feed/
/דיגרידו-המרכז-לטיפול-בדיגרידו-סטודי/סטנד-רצפתי-לדיגרידו-לנגינה-בישיבה-נמו/20231002_100619/feed/,noindex,no,404,,,,,needs-410,https://www.eyalamit.co.il/דיגרידו-המרכז-לטיפול-בדיגרידו-סטודי/סטנד-רצפתי-לדיגרידו-לנגינה-בישיבה-נמו/20231002_100619/feed/
/דיגרידו-המרכז-לטיפול-בדיגרידו-סטודי/תיקון-דיגרידו/whatsapp-image-2021-10-17-at-21-50-16-3/feed/,noindex,no,404,,,,,needs-410,https://www.eyalamit.co.il/דיגרידו-המרכז-לטיפול-בדיגרידו-סטודי/תיקון-דיגרידו/whatsapp-image-2021-10-17-at-21-50-16-3/feed/
/דיגרידו-המרכז-לטיפול-בדיגרידו-סטודי/whatsapp-image-2021-10-14-at-12-29-34/feed/,noindex,no,404,,,,,needs-410,https://www.eyalamit.co.il/דיגרידו-המרכז-לטיפול-בדיגרידו-סטודי/whatsapp-image-2021-10-14-at-12-29-34/feed/
/דיגרידו-המרכז-לטיפול-בדיגרידו-סטודי/דיגרידו-למכירה-כלים-בעבודת-יד/whatsapp-image-2021-08-19-at-20-01-59/feed/,noindex,no,404,,,,,needs-410,https://www.eyalamit.co.il/דיגרידו-המרכז-לטיפול-בדיגרידו-סטודי/דיגרידו-למכירה-כלים-בעבודת-יד/whatsapp-image-2021-08-19-at-20-01-59/feed/
/דיגרידו-המרכז-לטיפול-בדיגרידו-סטודי/סטנד-רצפתי-לדיגרידו-לנגינה-בישיבה-נמו/20230608_164638/feed/,noindex,no,404,,,,,needs-410,https://www.eyalamit.co.il/דיגרידו-המרכז-לטיפול-בדיגרידו-סטודי/סטנד-רצפתי-לדיגרידו-לנגינה-בישיבה-נמו/20230608_164638/feed/
/דיגרידו-המרכז-לטיפול-בדיגרידו-סטודי/תיקים-לדיגרידו/nukesh-dhiman-jungel-vibes-rishikesh-india-didgeridoo-מוקש-רישיקש-דיגרידו-30/feed/,noindex,no,404,,,,,needs-410,https://www.eyalamit.co.il/דיגרידו-המרכז-לטיפול-בדיגרידו-סטודי/תיקים-לדיגרידו/nukesh-dhiman-jungel-vibes-rishikesh-india-didgeridoo-מוקש-רישיקש-דיגרידו-30/feed/
/דיגרידו-המרכז-לטיפול-בדיגרידו-סטודי/סטנד-רצפתי-לדיגרידו-לנגינה-בישיבה-נמו/20231002_100652/feed/,noindex,no,404,,,,,needs-410,https://www.eyalamit.co.il/דיגרידו-המרכז-לטיפול-בדיגרידו-סטודי/סטנד-רצפתי-לדיגרידו-לנגינה-בישיבה-נמו/20231002_100652/feed/
/Blog/תלמידים-ומטופלים-ממליצים-על-המרכז-לטי/אלון/feed/,noindex,regex:/Blog/,301,http://eyalamit-co-il-2026.s887.upress.link/blog/%D7%AA%D7%9C%D7%9E%D7%99%D7%93%D7%99%D7%9D-%D7%95%D7%9E%D7%98%D7%95%D7%A4%D7%9C%D7%99%D7%9D-%D7%9E%D7%9E%D7%9C%D7%99%D7%A6%D7%99%D7%9D-%D7%A2%D7%9C-%D7%94%D7%9E%D7%A8%D7%9B%D7%96-%D7%9C%D7%98%D7%99/%D7%90%D7%9C%D7%95%D7%9F/feed/,404,1,/blog/תלמידים-ומטופלים-ממליצים-על-המרכז-לטי/אלון/feed/,needs-content-check,https://www.eyalamit.co.il/Blog/תלמידים-ומטופלים-ממליצים-על-המרכז-לטי/אלון/feed/
/דיגרידו-המרכז-לטיפול-בדיגרידו-סטודי/תיקים-לדיגרידו/whatsapp-image-2021-10-16-at-12-56-46-5/feed/,noindex,no,404,,,,,needs-410,https://www.eyalamit.co.il/דיגרידו-המרכז-לטיפול-בדיגרידו-סטודי/תיקים-לדיגרידו/whatsapp-image-2021-10-16-at-12-56-46-5/feed/
/דיגרידו-המרכז-לטיפול-בדיגרידו-סטודי/תיקון-דיגרידו/whatsapp-image-2021-10-16-at-01-08-04/feed/,noindex,no,404,,,,,needs-410,https://www.eyalamit.co.il/דיגרידו-המרכז-לטיפול-בדיגרידו-סטודי/תיקון-דיגרידו/whatsapp-image-2021-10-16-at-01-08-04/feed/
/דיגרידו-המרכז-לטיפול-בדיגרידו-סטודי/whatsapp-image-2021-10-14-at-12-39-03/feed/,noindex,no,404,,,,,needs-410,https://www.eyalamit.co.il/דיגרידו-המרכז-לטיפול-בדיגרידו-סטודי/whatsapp-image-2021-10-14-at-12-39-03/feed/
/Blog/מוקש-דהימן-מאסטר-דיגרידו-ציור-מקורי-ח/mukesh-dhiman-מוקש-דהימן-2/feed/,noindex,regex:/Blog/,301,http://eyalamit-co-il-2026.s887.upress.link/blog/%D7%9E%D7%95%D7%A7%D7%A9-%D7%93%D7%94%D7%99%D7%9E%D7%9F-%D7%9E%D7%90%D7%A1%D7%98%D7%A8-%D7%93%D7%99%D7%92%D7%A8%D7%99%D7%93%D7%95-%D7%A6%D7%99%D7%95%D7%A8-%D7%9E%D7%A7%D7%95%D7%A8%D7%99-%D7%97/mukesh-dhiman-%D7%9E%D7%95%D7%A7%D7%A9-%D7%93%D7%94%D7%99%D7%9E%D7%9F-2/feed/,404,1,/blog/מוקש-דהימן-מאסטר-דיגרידו-ציור-מקורי-ח/mukesh-dhiman-מוקש-דהימן-2/feed/,needs-content-check,https://www.eyalamit.co.il/Blog/מוקש-דהימן-מאסטר-דיגרידו-ציור-מקורי-ח/mukesh-dhiman-מוקש-דהימן-2/feed/
/Blog/סדנת-דיגרידו-קבוצתית-מקיפה-וייחודית-ל/סטודיו/feed/,noindex,regex:/Blog/,301,http://eyalamit-co-il-2026.s887.upress.link/blog/%D7%A1%D7%93%D7%A0%D7%AA-%D7%93%D7%99%D7%92%D7%A8%D7%99%D7%93%D7%95-%D7%A7%D7%91%D7%95%D7%A6%D7%AA%D7%99%D7%AA-%D7%9E%D7%A7%D7%99%D7%A4%D7%94-%D7%95%D7%99%D7%99%D7%97%D7%95%D7%93%D7%99%D7%AA-%D7%9C/%D7%A1%D7%98%D7%95%D7%93%D7%99%D7%95/feed/,404,1,/blog/סדנת-דיגרידו-קבוצתית-מקיפה-וייחודית-ל/סטודיו/feed/,needs-content-check,https://www.eyalamit.co.il/Blog/סדנת-דיגרידו-קבוצתית-מקיפה-וייחודית-ל/סטודיו/feed/
/Blog/סדנת-דיגרידו-קבוצתית-מקיפה-וייחודית-ל/feed/,noindex,regex:/Blog/,301,http://eyalamit-co-il-2026.s887.upress.link/blog/%D7%A1%D7%93%D7%A0%D7%AA-%D7%93%D7%99%D7%92%D7%A8%D7%99%D7%93%D7%95-%D7%A7%D7%91%D7%95%D7%A6%D7%AA%D7%99%D7%AA-%D7%9E%D7%A7%D7%99%D7%A4%D7%94-%D7%95%D7%99%D7%99%D7%97%D7%95%D7%93%D7%99%D7%AA-%D7%9C/feed/,404,1,/blog/סדנת-דיגרידו-קבוצתית-מקיפה-וייחודית-ל/feed/,needs-content-check,https://www.eyalamit.co.il/Blog/סדנת-דיגרידו-קבוצתית-מקיפה-וייחודית-ל/feed/
/דיגרידו-המרכז-לטיפול-בדיגרידו-סטודי/תיקים-לדיגרידו/nukesh-dhiman-jungel-vibes-rishikesh-india-didgeridoo-מוקש-רישיקש-דיגרידו-114/feed/,noindex,no,404,,,,,needs-410,https://www.eyalamit.co.il/דיגרידו-המרכז-לטיפול-בדיגרידו-סטודי/תיקים-לדיגרידו/nukesh-dhiman-jungel-vibes-rishikesh-india-didgeridoo-מוקש-רישיקש-דיגרידו-114/feed/
/דיגרידו-המרכז-לטיפול-בדיגרידו-סטודי/תיקים-לדיגרידו/nukesh-dhiman-jungel-vibes-rishikesh-india-didgeridoo-מוקש-רישיקש-דיגרידו-72/feed/,noindex,no,404,,,,,needs-410,https://www.eyalamit.co.il/דיגרידו-המרכז-לטיפול-בדיגרידו-סטודי/תיקים-לדיגרידו/nukesh-dhiman-jungel-vibes-rishikesh-india-didgeridoo-מוקש-רישיקש-דיגרידו-72/feed/
/דיגרידו-המרכז-לטיפול-בדיגרידו-סטודי/תיקים-לדיגרידו/nukesh-dhiman-jungel-vibes-rishikesh-india-didgeridoo-מוקש-רישיקש-דיגרידו-99/feed/,noindex,no,404,,,,,needs-410,https://www.eyalamit.co.il/דיגרידו-המרכז-לטיפול-בדיגרידו-סטודי/תיקים-לדיגרידו/nukesh-dhiman-jungel-vibes-rishikesh-india-didgeridoo-מוקש-רישיקש-דיגרידו-99/feed/
/דיגרידו-המרכז-לטיפול-בדיגרידו-סטודי/תיקים-לדיגרידו/nukesh-dhiman-jungel-vibes-rishikesh-india-didgeridoo-מוקש-רישיקש-דיגרידו-111/feed/,noindex,no,404,,,,,needs-410,https://www.eyalamit.co.il/דיגרידו-המרכז-לטיפול-בדיגרידו-סטודי/תיקים-לדיגרידו/nukesh-dhiman-jungel-vibes-rishikesh-india-didgeridoo-מוקש-רישיקש-דיגרידו-111/feed/
/דיגרידו-המרכז-לטיפול-בדיגרידו-סטודי/תיקים-לדיגרידו/nukesh-dhiman-jungel-vibes-rishikesh-india-didgeridoo-מוקש-רישיקש-דיגרידו-161/feed/,noindex,no,404,,,,,needs-410,https://www.eyalamit.co.il/דיגרידו-המרכז-לטיפול-בדיגרידו-סטודי/תיקים-לדיגרידו/nukesh-dhiman-jungel-vibes-rishikesh-india-didgeridoo-מוקש-רישיקש-דיגרידו-161/feed/
/דיגרידו-המרכז-לטיפול-בדיגרידו-סטודי/תיקים-לדיגרידו/nukesh-dhiman-jungel-vibes-rishikesh-india-didgeridoo-מוקש-רישיקש-דיגרידו-112/feed/,noindex,no,404,,,,,needs-410,https://www.eyalamit.co.il/דיגרידו-המרכז-לטיפול-בדיגרידו-סטודי/תיקים-לדיגרידו/nukesh-dhiman-jungel-vibes-rishikesh-india-didgeridoo-מוקש-רישיקש-דיגרידו-112/feed/
/דיגרידו-המרכז-לטיפול-בדיגרידו-סטודי/תיקים-לדיגרידו/nukesh-dhiman-jungel-vibes-rishikesh-india-didgeridoo-מוקש-רישיקש-דיגרידו-28/feed/,noindex,no,404,,,,,needs-410,https://www.eyalamit.co.il/דיגרידו-המרכז-לטיפול-בדיגרידו-סטודי/תיקים-לדיגרידו/nukesh-dhiman-jungel-vibes-rishikesh-india-didgeridoo-מוקש-רישיקש-דיגרידו-28/feed/
/דיגרידו-המרכז-לטיפול-בדיגרידו-סטודי/תיקים-לדיגרידו/nukesh-dhiman-jungel-vibes-rishikesh-india-didgeridoo-מוקש-רישיקש-דיגרידו-163/feed/,noindex,no,404,,,,,needs-410,https://www.eyalamit.co.il/דיגרידו-המרכז-לטיפול-בדיגרידו-סטודי/תיקים-לדיגרידו/nukesh-dhiman-jungel-vibes-rishikesh-india-didgeridoo-מוקש-רישיקש-דיגרידו-163/feed/
/דיגרידו-המרכז-לטיפול-בדיגרידו-סטודי/תיקים-לדיגרידו/nukesh-dhiman-jungel-vibes-rishikesh-india-didgeridoo-מוקש-רישיקש-דיגרידו-150/feed/,noindex,no,404,,,,,needs-410,https://www.eyalamit.co.il/דיגרידו-המרכז-לטיפול-בדיגרידו-סטודי/תיקים-לדיגרידו/nukesh-dhiman-jungel-vibes-rishikesh-india-didgeridoo-מוקש-רישיקש-דיגרידו-150/feed/
/דיגרידו-המרכז-לטיפול-בדיגרידו-סטודי/תיקים-לדיגרידו/nukesh-dhiman-jungel-vibes-rishikesh-india-didgeridoo-מוקש-רישיקש-דיגרידו-175/feed/,noindex,no,404,,,,,needs-410,https://www.eyalamit.co.il/דיגרידו-המרכז-לטיפול-בדיגרידו-סטודי/תיקים-לדיגרידו/nukesh-dhiman-jungel-vibes-rishikesh-india-didgeridoo-מוקש-רישיקש-דיגרידו-175/feed/
/דיגרידו-המרכז-לטיפול-בדיגרידו-סטודי/תיקים-לדיגרידו/nukesh-dhiman-jungel-vibes-rishikesh-india-didgeridoo-מוקש-רישיקש-דיגרידו-18/feed/,noindex,no,404,,,,,needs-410,https://www.eyalamit.co.il/דיגרידו-המרכז-לטיפול-בדיגרידו-סטודי/תיקים-לדיגרידו/nukesh-dhiman-jungel-vibes-rishikesh-india-didgeridoo-מוקש-רישיקש-דיגרידו-18/feed/
/דיגרידו-המרכז-לטיפול-בדיגרידו-סטודי/תיקים-לדיגרידו/nukesh-dhiman-jungel-vibes-rishikesh-india-didgeridoo-מוקש-רישיקש-דיגרידו-13/feed/,noindex,no,404,,,,,needs-410,https://www.eyalamit.co.il/דיגרידו-המרכז-לטיפול-בדיגרידו-סטודי/תיקים-לדיגרידו/nukesh-dhiman-jungel-vibes-rishikesh-india-didgeridoo-מוקש-רישיקש-דיגרידו-13/feed/
/דיגרידו-המרכז-לטיפול-בדיגרידו-סטודי/תיקים-לדיגרידו/nukesh-dhiman-jungel-vibes-rishikesh-india-didgeridoo-מוקש-רישיקש-דיגרידו-52/feed/,noindex,no,404,,,,,needs-410,https://www.eyalamit.co.il/דיגרידו-המרכז-לטיפול-בדיגרידו-סטודי/תיקים-לדיגרידו/nukesh-dhiman-jungel-vibes-rishikesh-india-didgeridoo-מוקש-רישיקש-דיגרידו-52/feed/
/דיגרידו-המרכז-לטיפול-בדיגרידו-סטודי/whatsapp-image-2021-10-14-at-12-39-42/feed/,noindex,no,404,,,,,needs-410,https://www.eyalamit.co.il/דיגרידו-המרכז-לטיפול-בדיגרידו-סטודי/whatsapp-image-2021-10-14-at-12-39-42/feed/
/דיגרידו-המרכז-לטיפול-בדיגרידו-סטודי/whatsapp-image-2021-10-14-at-12-13-38/feed/,noindex,no,404,,,,,needs-410,https://www.eyalamit.co.il/דיגרידו-המרכז-לטיפול-בדיגרידו-סטודי/whatsapp-image-2021-10-14-at-12-13-38/feed/
/דיגרידו-המרכז-לטיפול-בדיגרידו-סטודי/תיקים-לדיגרידו/nukesh-dhiman-jungel-vibes-rishikesh-india-didgeridoo-מוקש-רישיקש-דיגרידו-67/feed/,noindex,no,404,,,,,needs-410,https://www.eyalamit.co.il/דיגרידו-המרכז-לטיפול-בדיגרידו-סטודי/תיקים-לדיגרידו/nukesh-dhiman-jungel-vibes-rishikesh-india-didgeridoo-מוקש-רישיקש-דיגרידו-67/feed/
/דיגרידו-המרכז-לטיפול-בדיגרידו-סטודי/תיקים-לדיגרידו/nukesh-dhiman-jungel-vibes-rishikesh-india-didgeridoo-מוקש-רישיקש-דיגרידו-170/feed/,noindex,no,404,,,,,needs-410,https://www.eyalamit.co.il/דיגרידו-המרכז-לטיפול-בדיגרידו-סטודי/תיקים-לדיגרידו/nukesh-dhiman-jungel-vibes-rishikesh-india-didgeridoo-מוקש-רישיקש-דיגרידו-170/feed/
/דיגרידו-המרכז-לטיפול-בדיגרידו-סטודי/תיקים-לדיגרידו/nukesh-dhiman-jungel-vibes-rishikesh-india-didgeridoo-מוקש-רישיקש-דיגרידו-145/feed/,noindex,no,404,,,,,needs-410,https://www.eyalamit.co.il/דיגרידו-המרכז-לטיפול-בדיגרידו-סטודי/תיקים-לדיגרידו/nukesh-dhiman-jungel-vibes-rishikesh-india-didgeridoo-מוקש-רישיקש-דיגרידו-145/feed/
/דיגרידו-המרכז-לטיפול-בדיגרידו-סטודי/תיקים-לדיגרידו/nukesh-dhiman-jungel-vibes-rishikesh-india-didgeridoo-מוקש-רישיקש-דיגרידו-123/feed/,noindex,no,404,,,,,needs-410,https://www.eyalamit.co.il/דיגרידו-המרכז-לטיפול-בדיגרידו-סטודי/תיקים-לדיגרידו/nukesh-dhiman-jungel-vibes-rishikesh-india-didgeridoo-מוקש-רישיקש-דיגרידו-123/feed/
/דיגרידו-המרכז-לטיפול-בדיגרידו-סטודי/תיקים-לדיגרידו/nukesh-dhiman-jungel-vibes-rishikesh-india-didgeridoo-מוקש-רישיקש-דיגרידו-58/feed/,noindex,no,404,,,,,needs-410,https://www.eyalamit.co.il/דיגרידו-המרכז-לטיפול-בדיגרידו-סטודי/תיקים-לדיגרידו/nukesh-dhiman-jungel-vibes-rishikesh-india-didgeridoo-מוקש-רישיקש-דיגרידו-58/feed/
/דיגרידו-המרכז-לטיפול-בדיגרידו-סטודי/תיקים-לדיגרידו/nukesh-dhiman-jungel-vibes-rishikesh-india-didgeridoo-מוקש-רישיקש-דיגרידו-9/feed/,noindex,no,404,,,,,needs-410,https://www.eyalamit.co.il/דיגרידו-המרכז-לטיפול-בדיגרידו-סטודי/תיקים-לדיגרידו/nukesh-dhiman-jungel-vibes-rishikesh-india-didgeridoo-מוקש-רישיקש-דיגרידו-9/feed/
/דיגרידו-המרכז-לטיפול-בדיגרידו-סטודי/78884499_1927999600678873_2503492714071326720_o/feed/,noindex,no,404,,,,,needs-410,https://www.eyalamit.co.il/דיגרידו-המרכז-לטיפול-בדיגרידו-סטודי/78884499_1927999600678873_2503492714071326720_o/feed/
/דיגרידו-המרכז-לטיפול-בדיגרידו-סטודי/whatsapp-image-2021-10-14-at-12-17-27/feed/,noindex,no,404,,,,,needs-410,https://www.eyalamit.co.il/דיגרידו-המרכז-לטיפול-בדיגרידו-סטודי/whatsapp-image-2021-10-14-at-12-17-27/feed/
/דיגרידו-המרכז-לטיפול-בדיגרידו-סטודי/תיקים-לדיגרידו/nukesh-dhiman-jungel-vibes-rishikesh-india-didgeridoo-מוקש-רישיקש-דיגרידו-102/feed/,noindex,no,404,,,,,needs-410,https://www.eyalamit.co.il/דיגרידו-המרכז-לטיפול-בדיגרידו-סטודי/תיקים-לדיגרידו/nukesh-dhiman-jungel-vibes-rishikesh-india-didgeridoo-מוקש-רישיקש-דיגרידו-102/feed/
/דיגרידו-המרכז-לטיפול-בדיגרידו-סטודי/תיקים-לדיגרידו/whatsapp-image-2021-10-16-at-13-31-16-9/feed/,noindex,no,404,,,,,needs-410,https://www.eyalamit.co.il/דיגרידו-המרכז-לטיפול-בדיגרידו-סטודי/תיקים-לדיגרידו/whatsapp-image-2021-10-16-at-13-31-16-9/feed/
/דיגרידו-המרכז-לטיפול-בדיגרידו-סטודי/תיקון-דיגרידו/whatsapp-image-2021-10-16-at-12-19-33/feed/,noindex,no,404,,,,,needs-410,https://www.eyalamit.co.il/דיגרידו-המרכז-לטיפול-בדיגרידו-סטודי/תיקון-דיגרידו/whatsapp-image-2021-10-16-at-12-19-33/feed/
/דיגרידו-המרכז-לטיפול-בדיגרידו-סטודי/תיקים-לדיגרידו/nukesh-dhiman-jungel-vibes-rishikesh-india-didgeridoo-מוקש-רישיקש-דיגרידו-160/feed/,noindex,no,404,,,,,needs-410,https://www.eyalamit.co.il/דיגרידו-המרכז-לטיפול-בדיגרידו-סטודי/תיקים-לדיגרידו/nukesh-dhiman-jungel-vibes-rishikesh-india-didgeridoo-מוקש-רישיקש-דיגרידו-160/feed/
/דיגרידו-המרכז-לטיפול-בדיגרידו-סטודי/תיקים-לדיגרידו/nukesh-dhiman-jungel-vibes-rishikesh-india-didgeridoo-מוקש-רישיקש-דיגרידו-159/feed/,noindex,no,404,,,,,needs-410,https://www.eyalamit.co.il/דיגרידו-המרכז-לטיפול-בדיגרידו-סטודי/תיקים-לדיגרידו/nukesh-dhiman-jungel-vibes-rishikesh-india-didgeridoo-מוקש-רישיקש-דיגרידו-159/feed/
/Blog/תלמידים-ומטופלים-ממליצים-על-המרכז-לטי/358017522_10159939468422880_4470657106008997260_n/feed/,noindex,regex:/Blog/,301,http://eyalamit-co-il-2026.s887.upress.link/blog/%D7%AA%D7%9C%D7%9E%D7%99%D7%93%D7%99%D7%9D-%D7%95%D7%9E%D7%98%D7%95%D7%A4%D7%9C%D7%99%D7%9D-%D7%9E%D7%9E%D7%9C%D7%99%D7%A6%D7%99%D7%9D-%D7%A2%D7%9C-%D7%94%D7%9E%D7%A8%D7%9B%D7%96-%D7%9C%D7%98%D7%99/358017522_10159939468422880_4470657106008997260_n/feed/,404,1,/blog/תלמידים-ומטופלים-ממליצים-על-המרכז-לטי/358017522_10159939468422880_4470657106008997260_n/feed/,needs-content-check,https://www.eyalamit.co.il/Blog/תלמידים-ומטופלים-ממליצים-על-המרכז-לטי/358017522_10159939468422880_4470657106008997260_n/feed/
/דיגרידו-המרכז-לטיפול-בדיגרידו-סטודי/תיקים-לדיגרידו/nukesh-dhiman-jungel-vibes-rishikesh-india-didgeridoo-מוקש-רישיקש-דיגרידו-156/feed/,noindex,no,404,,,,,needs-410,https://www.eyalamit.co.il/דיגרידו-המרכז-לטיפול-בדיגרידו-סטודי/תיקים-לדיגרידו/nukesh-dhiman-jungel-vibes-rishikesh-india-didgeridoo-מוקש-רישיקש-דיגרידו-156/feed/
/דיגרידו-המרכז-לטיפול-בדיגרידו-סטודי/untitled-7/feed/,noindex,no,404,,,,,needs-410,https://www.eyalamit.co.il/דיגרידו-המרכז-לטיפול-בדיגרידו-סטודי/untitled-7/feed/
/Blog/תלמידים-ומטופלים-ממליצים-על-המרכז-לטי/380695303_795420392590379_5614941562747419933_n/feed/,noindex,regex:/Blog/,301,http://eyalamit-co-il-2026.s887.upress.link/blog/%D7%AA%D7%9C%D7%9E%D7%99%D7%93%D7%99%D7%9D-%D7%95%D7%9E%D7%98%D7%95%D7%A4%D7%9C%D7%99%D7%9D-%D7%9E%D7%9E%D7%9C%D7%99%D7%A6%D7%99%D7%9D-%D7%A2%D7%9C-%D7%94%D7%9E%D7%A8%D7%9B%D7%96-%D7%9C%D7%98%D7%99/380695303_795420392590379_5614941562747419933_n/feed/,404,1,/blog/תלמידים-ומטופלים-ממליצים-על-המרכז-לטי/380695303_795420392590379_5614941562747419933_n/feed/,needs-content-check,https://www.eyalamit.co.il/Blog/תלמידים-ומטופלים-ממליצים-על-המרכז-לטי/380695303_795420392590379_5614941562747419933_n/feed/
/Blog/תלמידים-ומטופלים-ממליצים-על-המרכז-לטי/315625637_10159978672853080_2669482586397411472_n/feed/,noindex,regex:/Blog/,301,http://eyalamit-co-il-2026.s887.upress.link/blog/%D7%AA%D7%9C%D7%9E%D7%99%D7%93%D7%99%D7%9D-%D7%95%D7%9E%D7%98%D7%95%D7%A4%D7%9C%D7%99%D7%9D-%D7%9E%D7%9E%D7%9C%D7%99%D7%A6%D7%99%D7%9D-%D7%A2%D7%9C-%D7%94%D7%9E%D7%A8%D7%9B%D7%96-%D7%9C%D7%98%D7%99/315625637_10159978672853080_2669482586397411472_n/feed/,404,1,/blog/תלמידים-ומטופלים-ממליצים-על-המרכז-לטי/315625637_10159978672853080_2669482586397411472_n/feed/,needs-content-check,https://www.eyalamit.co.il/Blog/תלמידים-ומטופלים-ממליצים-על-המרכז-לטי/315625637_10159978672853080_2669482586397411472_n/feed/
/דיגרידו-המרכז-לטיפול-בדיגרידו-סטודי/20230910_224827/feed/,noindex,no,404,,,,,needs-410,https://www.eyalamit.co.il/דיגרידו-המרכז-לטיפול-בדיגרידו-סטודי/20230910_224827/feed/
/Gallery/גלריה-דיגרידו-סטודיו-נשימה-מעגלית/1233482_328277657317750_914817401_n/feed/,noindex,no,404,,,,,needs-410,https://www.eyalamit.co.il/Gallery/גלריה-דיגרידו-סטודיו-נשימה-מעגלית/1233482_328277657317750_914817401_n/feed/
/דיגרידו-המרכז-לטיפול-בדיגרידו-סטודי/סטנדים-לאחסון-דיגרידו-בתלייה-או-בעמיד/whatsapp-image-2021-11-24-at-19-46-25/feed/,noindex,no,404,,,,,needs-410,https://www.eyalamit.co.il/דיגרידו-המרכז-לטיפול-בדיגרידו-סטודי/סטנדים-לאחסון-דיגרידו-בתלייה-או-בעמיד/whatsapp-image-2021-11-24-at-19-46-25/feed/
/דיגרידו-המרכז-לטיפול-בדיגרידו-סטודי/סאונד-הילינג-דיגרידו-מדיטציית-דיגריד/whatsapp-image-2022-08-25-at-23-12-11/feed/,noindex,no,404,,,,,needs-410,https://www.eyalamit.co.il/דיגרידו-המרכז-לטיפול-בדיגרידו-סטודי/סאונד-הילינג-דיגרידו-מדיטציית-דיגריד/whatsapp-image-2022-08-25-at-23-12-11/feed/
/דיגרידו-המרכז-לטיפול-בדיגרידו-סטודי/סטנד-רצפתי-לדיגרידו-לנגינה-בישיבה-נמו/20231002_100755/feed/,noindex,no,404,,,,,needs-410,https://www.eyalamit.co.il/דיגרידו-המרכז-לטיפול-בדיגרידו-סטודי/סטנד-רצפתי-לדיגרידו-לנגינה-בישיבה-נמו/20231002_100755/feed/
/Blog/עוד-רגע-מחייו-של-מורה-לנשימה-נכונה-ומלו/feed/,noindex,regex:/Blog/,301,http://eyalamit-co-il-2026.s887.upress.link/blog/%D7%A2%D7%95%D7%93-%D7%A8%D7%92%D7%A2-%D7%9E%D7%97%D7%99%D7%99%D7%95-%D7%A9%D7%9C-%D7%9E%D7%95%D7%A8%D7%94-%D7%9C%D7%A0%D7%A9%D7%99%D7%9E%D7%94-%D7%A0%D7%9B%D7%95%D7%A0%D7%94-%D7%95%D7%9E%D7%9C%D7%95/feed/,404,1,/blog/עוד-רגע-מחייו-של-מורה-לנשימה-נכונה-ומלו/feed/,needs-content-check,https://www.eyalamit.co.il/Blog/עוד-רגע-מחייו-של-מורה-לנשימה-נכונה-ומלו/feed/
/Blog/נשים-מנגנות-בדיגרידו-אישה-מנגנת-בדיג-2/feed/,noindex,regex:/Blog/,301,http://eyalamit-co-il-2026.s887.upress.link/blog/%D7%A0%D7%A9%D7%99%D7%9D-%D7%9E%D7%A0%D7%92%D7%A0%D7%95%D7%AA-%D7%91%D7%93%D7%99%D7%92%D7%A8%D7%99%D7%93%D7%95-%D7%90%D7%99%D7%A9%D7%94-%D7%9E%D7%A0%D7%92%D7%A0%D7%AA-%D7%91%D7%93%D7%99%D7%92-2/feed/,404,1,/blog/נשים-מנגנות-בדיגרידו-אישה-מנגנת-בדיג-2/feed/,needs-content-check,https://www.eyalamit.co.il/Blog/נשים-מנגנות-בדיגרידו-אישה-מנגנת-בדיג-2/feed/
/shop/cart/,noindex,yes,301,http://eyalamit-co-il-2026.s887.upress.link/shop/,200,1,/shop/,covered,https://www.eyalamit.co.il/shop/cart/
/פרדס-חנה/הדיגרידו-ככלי-לריפוי-עצמי/,page-with-redirect,no,404,,,,,needs-410,https://www.eyalamit.co.il/פרדס-חנה/הדיגרידו-ככלי-לריפוי-עצמי/
/דיגרידו-המרכז-לטיפול-בדיגרידו-סטודי/תיקים-לדיגרידו/,page-with-redirect,yes,301,http://eyalamit-co-il-2026.s887.upress.link/bags/,200,1,/bags/,covered,https://www.eyalamit.co.il/דיגרידו-המרכז-לטיפול-בדיגרידו-סטודי/תיקים-לדיגרידו
/דיגרידו-סטודיו-נשימה-מעגלית-אייל-עמית-2/תיקים-וסטנדים-לדיגרידו/,page-with-redirect,no,404,,,,,needs-410,https://www.eyalamit.co.il/דיגרידו-סטודיו-נשימה-מעגלית-אייל-עמית-2/תיקים-וסטנדים-לדיגרידו/
/דיגרידו-סטודיו-נשימה-מעגלית-אייל-עמית-2/תיקון-דיגרידו/,page-with-redirect,no,404,,,,,needs-410,https://www.eyalamit.co.il/דיגרידו-סטודיו-נשימה-מעגלית-אייל-עמית-2/תיקון-דיגרידו/
/פרדס-חנה/תיקים-לדיגרידו/nukesh-dhiman-jungel-vibes-rishikesh-india-didgeridoo-מוקש-רישיקש-דיגרידו-45/,page-with-redirect,no,404,,,,,needs-410,https://www.eyalamit.co.il/פרדס-חנה/תיקים-לדיגרידו/nukesh-dhiman-jungel-vibes-rishikesh-india-didgeridoo-מוקש-רישיקש-דיגרידו-45/
/Blog/שליחות-חיי-כתבה-אודות-המרכז-לטיפול-בדי-5/ירון-סאנצ-דיגרידו-עם-אייל-עמית-סטודיו/,page-with-redirect,regex:/Blog/,301,http://eyalamit-co-il-2026.s887.upress.link/blog/%D7%A9%D7%9C%D7%99%D7%97%D7%95%D7%AA-%D7%97%D7%99%D7%99-%D7%9B%D7%AA%D7%91%D7%94-%D7%90%D7%95%D7%93%D7%95%D7%AA-%D7%94%D7%9E%D7%A8%D7%9B%D7%96-%D7%9C%D7%98%D7%99%D7%A4%D7%95%D7%9C-%D7%91%D7%93%D7%99-5/%D7%99%D7%A8%D7%95%D7%9F-%D7%A1%D7%90%D7%A0%D7%A6-%D7%93%D7%99%D7%92%D7%A8%D7%99%D7%93%D7%95-%D7%A2%D7%9D-%D7%90%D7%99%D7%99%D7%9C-%D7%A2%D7%9E%D7%99%D7%AA-%D7%A1%D7%98%D7%95%D7%93%D7%99%D7%95/,404,1,/blog/שליחות-חיי-כתבה-אודות-המרכז-לטיפול-בדי-5/ירון-סאנצ-דיגרידו-עם-אייל-עמית-סטודיו/,needs-content-check,https://www.eyalamit.co.il/Blog/שליחות-חיי-כתבה-אודות-המרכז-לטיפול-בדי-5/ירון-סאנצ-דיגרידו-עם-אייל-עמית-סטודיו/
/Blog/23-הטור-של-אייל-עמית-לציית-או-לחשוב/,page-with-redirect,regex:/Blog/,301,http://eyalamit-co-il-2026.s887.upress.link/blog/23-%D7%94%D7%98%D7%95%D7%A8-%D7%A9%D7%9C-%D7%90%D7%99%D7%99%D7%9C-%D7%A2%D7%9E%D7%99%D7%AA-%D7%9C%D7%A6%D7%99%D7%99%D7%AA-%D7%90%D7%95-%D7%9C%D7%97%D7%A9%D7%95%D7%91/,200,2,/23-הטור-של-אייל-עמית-לציית-או-לחשוב/,covered,http://www.eyalamit.co.il/Blog/23-הטור-של-אייל-עמית-לציית-או-לחשוב/
/סיני-יוני-09-154/,404,no,404,,,,,needs-301,https://www.eyalamit.co.il/סיני-יוני-09-154/
/איל-מישה-איטליה-כושי-בלאנטיס-1/,404,no,404,,,,,needs-301,https://www.eyalamit.co.il/איל-מישה-איטליה-כושי-בלאנטיס-1/
/adi/,404,no,404,,,,,needs-301,https://www.eyalamit.co.il/adi/
/גבי-2/,404,no,404,,,,,needs-301,https://www.eyalamit.co.il/גבי-2/
/סיני-יוני-09-151/,404,no,404,,,,,needs-301,https://www.eyalamit.co.il/סיני-יוני-09-151/
/איל-מישה-איטליה-כושי-בלאנטיס-3/,404,no,404,,,,,needs-301,https://www.eyalamit.co.il/איל-מישה-איטליה-כושי-בלאנטיס-3/
/שלושת-הספרים-אלקטרוני2/,404,no,404,,,,,needs-301,https://www.eyalamit.co.il/שלושת-הספרים-אלקטרוני2/
/רני/,404,no,404,,,,,needs-301,https://www.eyalamit.co.il/רני/
/דודי-תאילנד-2/,404,no,404,,,,,needs-301,https://www.eyalamit.co.il/דודי-תאילנד-2/
/דודי-תאילנד-1/,404,no,404,,,,,needs-301,https://www.eyalamit.co.il/דודי-תאילנד-1/
/19143953_10155990342029881_6742370689944285770_o/,404,no,404,,,,,needs-301,https://www.eyalamit.co.il/19143953_10155990342029881_6742370689944285770_o/
/img-20170613-wa0031/,404,no,404,,,,,needs-301,https://www.eyalamit.co.il/img-20170613-wa0031/
/צבעכושי/,404,no,404,,,,,needs-301,https://www.eyalamit.co.il/צבעכושי/
/noga-peso-6/,404,no,404,,,,,needs-301,https://www.eyalamit.co.il/noga-peso-6/
/olympus-digital-camera/,404,no,404,,,,,needs-301,https://www.eyalamit.co.il/olympus-digital-camera/
/blank-white-book-w-path-2/,404,no,404,,,,,needs-301,https://www.eyalamit.co.il/blank-white-book-w-path-2/
/פסח/,404,no,404,,,,,needs-301,https://www.eyalamit.co.il/פסח/
/asaf/,404,no,404,,,,,needs-301,https://www.eyalamit.co.il/asaf/
/20170611_170628/,404,no,404,,,,,needs-301,https://www.eyalamit.co.il/20170611_170628/
/בוטאן/,404,no,404,,,,,needs-301,https://www.eyalamit.co.il/בוטאן/
/Gallery/מטיילים-מצטלמים-צבע-בכחול/צבע-בכחול-וזרוק-לים-נגה-פסו-לדאק/feed/,404,no,404,,,,,needs-301,https://www.eyalamit.co.il/Gallery/מטיילים-מצטלמים-צבע-בכחול/צבע-בכחול-וזרוק-לים-נגה-פסו-לדאק/feed/
/Blog/portfolio_page/stockholm-fashion-destination/,404,regex:/Blog/,301,http://eyalamit-co-il-2026.s887.upress.link/blog/portfolio_page/stockholm-fashion-destination/,404,1,/blog/portfolio_page/stockholm-fashion-destination/,needs-content-check,https://www.eyalamit.co.il/Blog/portfolio_page/stockholm-fashion-destination/
/Blog/portfolio_page/der-spiegel-cover-art/,404,regex:/Blog/,301,http://eyalamit-co-il-2026.s887.upress.link/blog/portfolio_page/der-spiegel-cover-art/,404,1,/blog/portfolio_page/der-spiegel-cover-art/,needs-content-check,https://www.eyalamit.co.il/Blog/portfolio_page/der-spiegel-cover-art/
/shop/books/צבע-בכחול-וזרוק-לים/,404,no,404,,,,,needs-301,https://www.eyalamit.co.il/shop/books/צבע-בכחול-וזרוק-לים/
/shop/books/כושי-בלאנטיס/,404,no,404,,,,,needs-301,https://www.eyalamit.co.il/shop/books/כושי-בלאנטיס/
/shop/books/וכתבת/,404,no,404,,,,,needs-301,https://www.eyalamit.co.il/shop/books/וכתבת/
/Gallery/וכתבת/20170616_001527/,404,no,404,,,,,needs-301,https://www.eyalamit.co.il/Gallery/וכתבת/20170616_001527/
/Gallery/גלריה-דיגרידו-סטודיו-נשימה-מעגלית/סטודיו-נשימה-מעגלית-פרדס-חנה-אייל-עמית-5/,404,no,404,,,,,needs-301,https://www.eyalamit.co.il/Gallery/גלריה-דיגרידו-סטודיו-נשימה-מעגלית/סטודיו-נשימה-מעגלית-פרדס-חנה-אייל-עמית-5/
/Gallery/וכתבת/ורד-כהן-ניצן/,404,no,404,,,,,needs-301,https://www.eyalamit.co.il/Gallery/וכתבת/ורד-כהן-ניצן/
/Gallery/מטיילים-מצטלמים-צבע-בכחול/צבע-בכחול-וזרוק-לים-נגה-פסו-קאסול-1/,404,no,404,,,,,needs-301,https://www.eyalamit.co.il/Gallery/מטיילים-מצטלמים-צבע-בכחול/צבע-בכחול-וזרוק-לים-נגה-פסו-קאסול-1/
/Gallery/גלריה-דיגרידו-סטודיו-נשימה-מעגלית/whatsapp-image-2020-07-22-at-21-20-20-2/,404,no,404,,,,,needs-301,https://www.eyalamit.co.il/Gallery/גלריה-דיגרידו-סטודיו-נשימה-מעגלית/whatsapp-image-2020-07-22-at-21-20-20-2/
/Blog/portfolio_page/,404,regex:/Blog/,301,http://eyalamit-co-il-2026.s887.upress.link/blog/portfolio_page/,404,1,/blog/portfolio_page/,needs-content-check,https://www.eyalamit.co.il/Blog/portfolio_page/
/Blog/portfolio_page/smash-pop-art-storm/,404,regex:/Blog/,301,http://eyalamit-co-il-2026.s887.upress.link/blog/portfolio_page/smash-pop-art-storm/,404,1,/blog/portfolio_page/smash-pop-art-storm/,needs-content-check,https://www.eyalamit.co.il/Blog/portfolio_page/smash-pop-art-storm/
/Gallery/גלריה-דיגרידו-סטודיו-נשימה-מעגלית/סטודיו-נשימה-מעגלית-פרדס-חנה-אייל-עמי-12/,404,no,404,,,,,needs-301,https://www.eyalamit.co.il/Gallery/גלריה-דיגרידו-סטודיו-נשימה-מעגלית/סטודיו-נשימה-מעגלית-פרדס-חנה-אייל-עמי-12/
/Gallery/וכתבת/עפרה-שחר-וצחקת/,404,no,404,,,,,needs-301,https://www.eyalamit.co.il/Gallery/וכתבת/עפרה-שחר-וצחקת/
/Gallery/כושי-בלאנטיס-אייל-עמית/כושי-בלאנטיס1-2/,404,no,404,,,,,needs-301,https://www.eyalamit.co.il/Gallery/כושי-בלאנטיס-אייל-עמית/כושי-בלאנטיס1-2/
/shop/books/שלושת-הספרים-וכתבתָּ-כושי-בלאנטיס-צב/,404,no,404,,,,,needs-301,https://www.eyalamit.co.il/shop/books/שלושת-הספרים-וכתבתָּ-כושי-בלאנטיס-צב/
/Gallery/וכתבת/20170615_203540/,404,no,404,,,,,needs-301,https://www.eyalamit.co.il/Gallery/וכתבת/20170615_203540/
/רותם-כהן-צבע-בכחול-וזרוק-לים-הודו-1/,404,no,404,,,,,needs-301,https://www.eyalamit.co.il/רותם-כהן-צבע-בכחול-וזרוק-לים-הודו-1/
/blank-white-book-w-path-6/,404,no,404,,,,,needs-301,https://www.eyalamit.co.il/blank-white-book-w-path-6/
/dudi-hober3/,404,no,404,,,,,needs-301,https://www.eyalamit.co.il/dudi-hober3/
/blank-white-book-w-path-4/,404,no,404,,,,,needs-301,https://www.eyalamit.co.il/blank-white-book-w-path-4/
/18952766_10154894677583425_4941419476651561210_n-2/,404,no,404,,,,,needs-301,https://www.eyalamit.co.il/18952766_10154894677583425_4941419476651561210_n-2/
/וניגנת-2/,404,no,404,,,,,needs-301,https://www.eyalamit.co.il/וניגנת-2/
/19030208_880025435471764_428082506069862916_n/,404,no,404,,,,,needs-301,https://www.eyalamit.co.il/19030208_880025435471764_428082506069862916_n/
/noga-peso-6-2/,404,no,404,,,,,needs-301,https://www.eyalamit.co.il/noga-peso-6-2/
/korkovado/,404,no,404,,,,,needs-301,https://www.eyalamit.co.il/korkovado/
/וניגנת/,404,no,404,,,,,needs-301,https://www.eyalamit.co.il/וניגנת/
/רני-2/,404,no,404,,,,,needs-301,https://www.eyalamit.co.il/רני-2/
/פישי/,404,no,404,,,,,needs-301,https://www.eyalamit.co.il/פישי/
/sticker-tali-2/,404,no,404,,,,,needs-301,https://www.eyalamit.co.il/sticker-tali-2/
/niv-2/,404,no,404,,,,,needs-301,https://www.eyalamit.co.il/niv-2/
/shai-3/,404,no,404,,,,,needs-301,https://www.eyalamit.co.il/shai-3/
/איל-מישה-איטליה-כושי-בלאנטיס-4/,404,no,404,,,,,needs-301,https://www.eyalamit.co.il/איל-מישה-איטליה-כושי-בלאנטיס-4/
/ונשמת/,404,no,404,,,,,needs-301,https://www.eyalamit.co.il/ונשמת/
/img-20170610-wa0071-2/,404,no,404,,,,,needs-301,https://www.eyalamit.co.il/img-20170610-wa0071-2/
/20170611_215702/,404,no,404,,,,,needs-301,https://www.eyalamit.co.il/20170611_215702/
/דיגרידו-סטודיו-נשימה-מעגלית-אייל-עמית-2/סדנאות-בנייה-עצמית-דיגרידו/,404,no,404,,,,,needs-301,https://www.eyalamit.co.il/דיגרידו-סטודיו-נשימה-מעגלית-אייל-עמית-2/סדנאות-בנייה-עצמית-דיגרידו/
/Blog/שלושת-הספרים-וכתבתָּ-כושי-בלאנטיס-צב/,404,regex:/Blog/,301,http://eyalamit-co-il-2026.s887.upress.link/blog/%D7%A9%D7%9C%D7%95%D7%A9%D7%AA-%D7%94%D7%A1%D7%A4%D7%A8%D7%99%D7%9D-%D7%95%D7%9B%D7%AA%D7%91%D7%AA%D6%B8%D6%BC-%D7%9B%D7%95%D7%A9%D7%99-%D7%91%D7%9C%D7%90%D7%A0%D7%98%D7%99%D7%A1-%D7%A6%D7%91/,404,1,/blog/שלושת-הספרים-וכתבתָּ-כושי-בלאנטיס-צב/,needs-content-check,https://www.eyalamit.co.il/Blog/שלושת-הספרים-וכתבתָּ-כושי-בלאנטיס-צב/
/shop/books/שני-הספרים-וכתבתָּ-כושי-בלאנטיס-במחי/,404,no,404,,,,,needs-301,https://www.eyalamit.co.il/shop/books/שני-הספרים-וכתבתָּ-כושי-בלאנטיס-במחי/
/Gallery/גלריה-דיגרידו-סטודיו-נשימה-מעגלית/45525_203063806505803_384695834_n/,404,no,404,,,,,needs-301,https://www.eyalamit.co.il/Gallery/גלריה-דיגרידו-סטודיו-נשימה-מעגלית/45525_203063806505803_384695834_n/
/דיגרידו-סטודיו-נשימה-מעגלית-אייל-עמית-2/דיגרידו-למכירה/,404,no,404,,,,,needs-301,https://www.eyalamit.co.il/דיגרידו-סטודיו-נשימה-מעגלית-אייל-עמית-2/דיגרידו-למכירה/
/אייל-עמית/אודות/,404,no,404,,,,,needs-301,https://www.eyalamit.co.il/אייל-עמית/אודות/
/Blog/שליחות-חיי-כתבה-אודות-המרכז-לטיפול-בדי-5/feed/,404,regex:/Blog/,301,http://eyalamit-co-il-2026.s887.upress.link/blog/%D7%A9%D7%9C%D7%99%D7%97%D7%95%D7%AA-%D7%97%D7%99%D7%99-%D7%9B%D7%AA%D7%91%D7%94-%D7%90%D7%95%D7%93%D7%95%D7%AA-%D7%94%D7%9E%D7%A8%D7%9B%D7%96-%D7%9C%D7%98%D7%99%D7%A4%D7%95%D7%9C-%D7%91%D7%93%D7%99-5/feed/,404,1,/blog/שליחות-חיי-כתבה-אודות-המרכז-לטיפול-בדי-5/feed/,needs-content-check,https://www.eyalamit.co.il/Blog/שליחות-חיי-כתבה-אודות-המרכז-לטיפול-בדי-5/feed/
/אייל-עמית-2/אודות/,404,no,404,,,,,needs-301,https://www.eyalamit.co.il/אייל-עמית-2/אודות/
/פרדס-חנה/whatsapp-image-2021-10-14-at-12-36-42-1/,404,no,404,,,,,needs-301,https://www.eyalamit.co.il/פרדס-חנה/whatsapp-image-2021-10-14-at-12-36-42-1/
/דיגרידו-המרכז-לטיפול-בדיגרידו-סטודי/studio-bunner/,crawled-not-indexed,no,404,,,,,needs-410,https://www.eyalamit.co.il/דיגרידו-המרכז-לטיפול-בדיגרידו-סטודי/studio-bunner/
/qr/,crawled-not-indexed,no,200,,,,,false-positive,http://www.eyalamit.co.il/qr/
/דיגרידו-המרכז-לטיפול-בדיגרידו-סטודי/תיקון-דיגרידו/,crawled-not-indexed,yes,301,http://eyalamit-co-il-2026.s887.upress.link/repair/,200,1,/repair/,covered,https://www.eyalamit.co.il/דיגרידו-המרכז-לטיפול-בדיגרידו-סטודי/תיקון-דיגרידו
/פרדס-חנה/תיקון-דיגרידו/,crawled-not-indexed,no,404,,,,,needs-410,https://www.eyalamit.co.il/פרדס-חנה/תיקון-דיגרידו/
/shop/וכתבת/,crawled-not-indexed,no,404,,,,,needs-410,http://www.eyalamit.co.il/shop/וכתבת/
/וכתבת/,crawled-not-indexed,no,404,,,,,needs-410,https://www.eyalamit.co.il/וכתבת
/shop/books/צבע-בכחול-וזרוק-לים/feed/,crawled-not-indexed,no,404,,,,,needs-410,http://www.eyalamit.co.il/shop/books/צבע-בכחול-וזרוק-לים/feed/
/פרדס-חנה/דיגרידו-חדשים-מקצועיים-למכירה/דיגים1/,crawled-not-indexed,no,404,,,,,needs-410,https://www.eyalamit.co.il/פרדס-חנה/דיגרידו-חדשים-מקצועיים-למכירה/דיגים1/
/Blog/הכל-אודות-ריברסינג-נשימה-מעגלית-ו-דיג/,crawled-not-indexed,regex:/Blog/,301,http://eyalamit-co-il-2026.s887.upress.link/blog/%D7%94%D7%9B%D7%9C-%D7%90%D7%95%D7%93%D7%95%D7%AA-%D7%A8%D7%99%D7%91%D7%A8%D7%A1%D7%99%D7%A0%D7%92-%D7%A0%D7%A9%D7%99%D7%9E%D7%94-%D7%9E%D7%A2%D7%92%D7%9C%D7%99%D7%AA-%D7%95-%D7%93%D7%99%D7%92/,404,1,/blog/הכל-אודות-ריברסינג-נשימה-מעגלית-ו-דיג/,needs-content-check,https://www.eyalamit.co.il/Blog/הכל-אודות-ריברסינג-נשימה-מעגלית-ו-דיג/
/Blog/ריברסינג-נשימה-מעגלית-דיגרידו/,crawled-not-indexed,regex:/Blog/,301,http://eyalamit-co-il-2026.s887.upress.link/blog/%D7%A8%D7%99%D7%91%D7%A8%D7%A1%D7%99%D7%A0%D7%92-%D7%A0%D7%A9%D7%99%D7%9E%D7%94-%D7%9E%D7%A2%D7%92%D7%9C%D7%99%D7%AA-%D7%93%D7%99%D7%92%D7%A8%D7%99%D7%93%D7%95/,200,2,/ריברסינג-נשימה-מעגלית-דיגרידו/,covered,https://www.eyalamit.co.il/Blog/ריברסינג-נשימה-מעגלית-דיגרידו
/Blog/נשימה-מעגלית-ריברסינג-דיגרידו/‏‏לכגגידה/,crawled-not-indexed,regex:/Blog/,301,http://eyalamit-co-il-2026.s887.upress.link/blog/%D7%A0%D7%A9%D7%99%D7%9E%D7%94-%D7%9E%D7%A2%D7%92%D7%9C%D7%99%D7%AA-%D7%A8%D7%99%D7%91%D7%A8%D7%A1%D7%99%D7%A0%D7%92-%D7%93%D7%99%D7%92%D7%A8%D7%99%D7%93%D7%95/%E2%80%8F%E2%80%8F%D7%9C%D7%9B%D7%92%D7%92%D7%99%D7%93%D7%94/,404,1,/blog/נשימה-מעגלית-ריברסינג-דיגרידו/‏‏לכגגידה/,needs-content-check,https://www.eyalamit.co.il/Blog/נשימה-מעגלית-ריברסינג-דיגרידו/‏‏לכגגידה/
/Blog/נשימה-מעגלית-ריברסינג-דיגרידו/,crawled-not-indexed,regex:/Blog/,301,http://eyalamit-co-il-2026.s887.upress.link/blog/%D7%A0%D7%A9%D7%99%D7%9E%D7%94-%D7%9E%D7%A2%D7%92%D7%9C%D7%99%D7%AA-%D7%A8%D7%99%D7%91%D7%A8%D7%A1%D7%99%D7%A0%D7%92-%D7%93%D7%99%D7%92%D7%A8%D7%99%D7%93%D7%95/,404,1,/blog/נשימה-מעגלית-ריברסינג-דיגרידו/,needs-content-check,https://www.eyalamit.co.il/Blog/נשימה-מעגלית-ריברסינג-דיגרידו/
/Blog/portfolio_page/single-portfolio-parallax/,crawled-not-indexed,regex:/Blog/,301,http://eyalamit-co-il-2026.s887.upress.link/blog/portfolio_page/single-portfolio-parallax/,404,1,/blog/portfolio_page/single-portfolio-parallax/,needs-content-check,https://www.eyalamit.co.il/Blog/portfolio_page/single-portfolio-parallax/
/Blog/שליחות-חיי-כתבה-אודות-המרכז-לטיפול-בדי-2/mukesh-dhiman-מוקש-דהימן-1/,crawled-not-indexed,regex:/Blog/,301,http://eyalamit-co-il-2026.s887.upress.link/blog/%D7%A9%D7%9C%D7%99%D7%97%D7%95%D7%AA-%D7%97%D7%99%D7%99-%D7%9B%D7%AA%D7%91%D7%94-%D7%90%D7%95%D7%93%D7%95%D7%AA-%D7%94%D7%9E%D7%A8%D7%9B%D7%96-%D7%9C%D7%98%D7%99%D7%A4%D7%95%D7%9C-%D7%91%D7%93%D7%99-2/mukesh-dhiman-%D7%9E%D7%95%D7%A7%D7%A9-%D7%93%D7%94%D7%99%D7%9E%D7%9F-1/,404,1,/blog/שליחות-חיי-כתבה-אודות-המרכז-לטיפול-בדי-2/mukesh-dhiman-מוקש-דהימן-1/,needs-content-check,https://www.eyalamit.co.il/Blog/שליחות-חיי-כתבה-אודות-המרכז-לטיפול-בדי-2/mukesh-dhiman-מוקש-דהימן-1/
/muzza/,crawled-not-indexed,no,301,http://eyalamit-co-il-2026.s887.upress.link/books/,200,1,/books/,covered,http://www.eyalamit.co.il/muzza/
/Blog/portfolio-category/business/,crawled-not-indexed,regex:/Blog/,301,http://eyalamit-co-il-2026.s887.upress.link/blog/portfolio-category/business/,404,1,/blog/portfolio-category/business/,needs-content-check,https://www.eyalamit.co.il/Blog/portfolio-category/business/
/Blog/מוקש-דהימן-מאסטר-דיגרידו-ציור-מקורי-ח/mukesh-dhiman-מוקש-דהימן-1/,crawled-not-indexed,regex:/Blog/,301,http://eyalamit-co-il-2026.s887.upress.link/blog/%D7%9E%D7%95%D7%A7%D7%A9-%D7%93%D7%94%D7%99%D7%9E%D7%9F-%D7%9E%D7%90%D7%A1%D7%98%D7%A8-%D7%93%D7%99%D7%92%D7%A8%D7%99%D7%93%D7%95-%D7%A6%D7%99%D7%95%D7%A8-%D7%9E%D7%A7%D7%95%D7%A8%D7%99-%D7%97/mukesh-dhiman-%D7%9E%D7%95%D7%A7%D7%A9-%D7%93%D7%94%D7%99%D7%9E%D7%9F-1/,404,1,/blog/מוקש-דהימן-מאסטר-דיגרידו-ציור-מקורי-ח/mukesh-dhiman-מוקש-דהימן-1/,needs-content-check,https://www.eyalamit.co.il/Blog/מוקש-דהימן-מאסטר-דיגרידו-ציור-מקורי-ח/mukesh-dhiman-מוקש-דהימן-1/
/דיגרידו-המרכז-לטיפול-בדיגרידו-סטודי/סאונד-הילינג-דיגרידו-מדיטציית-דיגרי/,crawled-not-indexed,no,404,,,,,needs-410,https://www.eyalamit.co.il/דיגרידו-המרכז-לטיפול-בדיגרידו-סטודי/סאונד-הילינג-דיגרידו-מדיטציית-דיגרי/
/דיגרידו-המרכז-לטיפול-בדיגרידו-סטודי/דיגרידו-למכירה-כלים-בעבודת-יד/דיגים1/,crawled-not-indexed,no,404,,,,,needs-410,https://www.eyalamit.co.il/דיגרידו-המרכז-לטיפול-בדיגרידו-סטודי/דיגרידו-למכירה-כלים-בעבודת-יד/דיגים1/
/blog/,crawled-not-indexed,no,200,,,,,false-positive,http://www.eyalamit.co.il/blog
/דיגרידו-המרכז-לטיפול-בדיגרידו-סטודי/טיפולי-סאונד-הילינג-דיגרידו/,crawled-not-indexed,yes,301,http://eyalamit-co-il-2026.s887.upress.link/sound-healing/,200,1,/sound-healing/,covered,https://www.eyalamit.co.il/דיגרידו-המרכז-לטיפול-בדיגרידו-סטודי/טיפולי-סאונד-הילינג-דיגרידו/
/Blog/נשימה-מעגלית-בדיגרידו-טיפול-ריפוי-עצ/,crawled-not-indexed,regex:/Blog/,301,http://eyalamit-co-il-2026.s887.upress.link/blog/%D7%A0%D7%A9%D7%99%D7%9E%D7%94-%D7%9E%D7%A2%D7%92%D7%9C%D7%99%D7%AA-%D7%91%D7%93%D7%99%D7%92%D7%A8%D7%99%D7%93%D7%95-%D7%98%D7%99%D7%A4%D7%95%D7%9C-%D7%A8%D7%99%D7%A4%D7%95%D7%99-%D7%A2%D7%A6/,200,2,/נשימה-מעגלית-בדיגרידו-טיפול-ריפוי-עצ/,covered,https://www.eyalamit.co.il/Blog/נשימה-מעגלית-בדיגרידו-טיפול-ריפוי-עצ/
/Blog/נשים-מנגנות-בדיגרידו-אישה-מנגנת-בדיג-2/,crawled-not-indexed,regex:/Blog/,301,http://eyalamit-co-il-2026.s887.upress.link/blog/%D7%A0%D7%A9%D7%99%D7%9D-%D7%9E%D7%A0%D7%92%D7%A0%D7%95%D7%AA-%D7%91%D7%93%D7%99%D7%92%D7%A8%D7%99%D7%93%D7%95-%D7%90%D7%99%D7%A9%D7%94-%D7%9E%D7%A0%D7%92%D7%A0%D7%AA-%D7%91%D7%93%D7%99%D7%92-2/,404,1,/blog/נשים-מנגנות-בדיגרידו-אישה-מנגנת-בדיג-2/,needs-content-check,https://www.eyalamit.co.il/Blog/נשים-מנגנות-בדיגרידו-אישה-מנגנת-בדיג-2/
/Blog/,crawled-not-indexed,no,200,,,,,false-positive,http://www.eyalamit.co.il/Blog/
/אייל-עמית/,crawled-not-indexed,no,301,http://eyalamit-co-il-2026.s887.upress.link/%d7%90%d7%99%d7%99%d7%9c-%d7%a2%d7%9e%d7%99%d7%aa-%d7%aa%d7%95%d7%a4%d7%a2%d7%aa-%d7%99%d7%97%d7%99%d7%93-%d7%9e%d7%95%d7%a4%d7%a2-%d7%a1%d7%99%d7%a4%d7%95%d7%a8%d7%99%d7%9d-spoken-stories-15/,200,1,/אייל-עמית-תופעת-יחיד-מופע-סיפורים-spoken-stories-15/,covered,https://www.eyalamit.co.il/אייל-עמית/
/דיגרידו-המרכז-לטיפול-בדיגרידו-סטודי/דיגרידו-למכירה-כלים-בעבודת-יד/,crawled-not-indexed,yes,301,http://eyalamit-co-il-2026.s887.upress.link/didgeridoos/,200,1,/didgeridoos/,covered,https://www.eyalamit.co.il/דיגרידו-המרכז-לטיפול-בדיגרידו-סטודי/דיגרידו-למכירה-כלים-בעבודת-יד
/product-category/books/feed/,crawled-not-indexed,no,404,,,,,needs-410,http://www.eyalamit.co.il/product-category/books/feed/
/דיגרידו-המרכז-לטיפול-בדיגרידו-סטודי/תיקים-לדיגרידו/nukesh-dhiman-jungel-vibes-rishikesh-india-didgeridoo-מוקש-רישיקש-דיגרידו-133/,crawled-not-indexed,no,404,,,,,needs-410,https://www.eyalamit.co.il/דיגרידו-המרכז-לטיפול-בדיגרידו-סטודי/תיקים-לדיגרידו/nukesh-dhiman-jungel-vibes-rishikesh-india-didgeridoo-מוקש-רישיקש-דיגרידו-133/
/דיגרידו-המרכז-לטיפול-בדיגרידו-סטודי/תיקים-לדיגרידו/whatsapp-image-2021-10-16-at-01-16-08/,crawled-not-indexed,no,404,,,,,needs-410,https://www.eyalamit.co.il/דיגרידו-המרכז-לטיפול-בדיגרידו-סטודי/תיקים-לדיגרידו/whatsapp-image-2021-10-16-at-01-16-08/
/פרדס-חנה/מדיטציית-דיגרידו-טקס-סאונד-הילינג/,crawled-not-indexed,no,404,,,,,needs-410,https://www.eyalamit.co.il/פרדס-חנה/מדיטציית-דיגרידו-טקס-סאונד-הילינג/
/Blog/portfolio_page/case-study/,crawled-not-indexed,regex:/Blog/,301,http://eyalamit-co-il-2026.s887.upress.link/blog/portfolio_page/case-study/,404,1,/blog/portfolio_page/case-study/,needs-content-check,https://www.eyalamit.co.il/Blog/portfolio_page/case-study/
/Blog/ללמוד-לנשום-נכון-ביומיום-באמצעות-דיגר/,crawled-not-indexed,regex:/Blog/,301,http://eyalamit-co-il-2026.s887.upress.link/blog/%D7%9C%D7%9C%D7%9E%D7%95%D7%93-%D7%9C%D7%A0%D7%A9%D7%95%D7%9D-%D7%A0%D7%9B%D7%95%D7%9F-%D7%91%D7%99%D7%95%D7%9E%D7%99%D7%95%D7%9D-%D7%91%D7%90%D7%9E%D7%A6%D7%A2%D7%95%D7%AA-%D7%93%D7%99%D7%92%D7%A8/,404,1,/blog/ללמוד-לנשום-נכון-ביומיום-באמצעות-דיגר/,needs-content-check,https://www.eyalamit.co.il/Blog/ללמוד-לנשום-נכון-ביומיום-באמצעות-דיגר/
/shop/books/כושי-בלנטיס/,crawled-not-indexed,no,404,,,,,needs-410,http://www.eyalamit.co.il/shop/books/כושי-בלנטיס/
/shop/books/כושי-בלאנטיס/feed/,crawled-not-indexed,no,404,,,,,needs-410,http://www.eyalamit.co.il/shop/books/כושי-בלאנטיס/feed/
/Gallery/כושי-בלאנטיס-אייל-עמית/כושי-בהודו3/,crawled-not-indexed,no,404,,,,,needs-410,https://www.eyalamit.co.il/Gallery/כושי-בלאנטיס-אייל-עמית/כושי-בהודו3/
/Blog/tag/הערוץ-הראשון/,crawled-not-indexed,regex:/Blog/,301,http://eyalamit-co-il-2026.s887.upress.link/blog/tag/%D7%94%D7%A2%D7%A8%D7%95%D7%A5-%D7%94%D7%A8%D7%90%D7%A9%D7%95%D7%9F/,404,1,/blog/tag/הערוץ-הראשון/,needs-content-check,https://www.eyalamit.co.il/Blog/tag/הערוץ-הראשון/
/Blog/סדנת-דיגרידו-אייל-עמית/,crawled-not-indexed,regex:/Blog/,301,http://eyalamit-co-il-2026.s887.upress.link/blog/%D7%A1%D7%93%D7%A0%D7%AA-%D7%93%D7%99%D7%92%D7%A8%D7%99%D7%93%D7%95-%D7%90%D7%99%D7%99%D7%9C-%D7%A2%D7%9E%D7%99%D7%AA/,404,1,/blog/סדנת-דיגרידו-אייל-עמית/,needs-content-check,https://www.eyalamit.co.il/Blog/סדנת-דיגרידו-אייל-עמית/
/Blog/לא-בעוד-רגע-לא-בעוד-שנייה-ע-כ-ש-י-ו/אברהם-טל3/,crawled-not-indexed,regex:/Blog/,301,http://eyalamit-co-il-2026.s887.upress.link/blog/%D7%9C%D7%90-%D7%91%D7%A2%D7%95%D7%93-%D7%A8%D7%92%D7%A2-%D7%9C%D7%90-%D7%91%D7%A2%D7%95%D7%93-%D7%A9%D7%A0%D7%99%D7%99%D7%94-%D7%A2-%D7%9B-%D7%A9-%D7%99-%D7%95/%D7%90%D7%91%D7%A8%D7%94%D7%9D-%D7%98%D7%9C3/,404,1,/blog/לא-בעוד-רגע-לא-בעוד-שנייה-ע-כ-ש-י-ו/אברהם-טל3/,needs-content-check,https://www.eyalamit.co.il/Blog/לא-בעוד-רגע-לא-בעוד-שנייה-ע-כ-ש-י-ו/אברהם-טל3/
/דיגרידו-המרכז-לטיפול-בדיגרידו-סטודי/תיקים-לדיגרידו/nukesh-dhiman-jungel-vibes-rishikesh-india-didgeridoo-מוקש-רישיקש-דיגרידו-134/feed/,crawled-not-indexed,no,404,,,,,needs-410,https://www.eyalamit.co.il/דיגרידו-המרכז-לטיפול-בדיגרידו-סטודי/תיקים-לדיגרידו/nukesh-dhiman-jungel-vibes-rishikesh-india-didgeridoo-מוקש-רישיקש-דיגרידו-134/feed/
/Gallery/מטיילים-מצטלמים-צבע-בכחול/haim-margolis/,crawled-not-indexed,no,404,,,,,needs-410,https://www.eyalamit.co.il/Gallery/מטיילים-מצטלמים-צבע-בכחול/haim-margolis/
/דיגרידו-המרכז-לטיפול-בדיגרידו-סטודי/whatsapp-image-2021-10-14-at-12-26-57/feed/,crawled-not-indexed,no,404,,,,,needs-410,https://www.eyalamit.co.il/דיגרידו-המרכז-לטיפול-בדיגרידו-סטודי/whatsapp-image-2021-10-14-at-12-26-57/feed/
/Blog/תלמידים-ומטופלים-ממליצים-על-המרכז-לטי/358712840_10160824456238588_8884593714419660269_n/feed/,crawled-not-indexed,regex:/Blog/,301,http://eyalamit-co-il-2026.s887.upress.link/blog/%D7%AA%D7%9C%D7%9E%D7%99%D7%93%D7%99%D7%9D-%D7%95%D7%9E%D7%98%D7%95%D7%A4%D7%9C%D7%99%D7%9D-%D7%9E%D7%9E%D7%9C%D7%99%D7%A6%D7%99%D7%9D-%D7%A2%D7%9C-%D7%94%D7%9E%D7%A8%D7%9B%D7%96-%D7%9C%D7%98%D7%99/358712840_10160824456238588_8884593714419660269_n/feed/,404,1,/blog/תלמידים-ומטופלים-ממליצים-על-המרכז-לטי/358712840_10160824456238588_8884593714419660269_n/feed/,needs-content-check,https://www.eyalamit.co.il/Blog/תלמידים-ומטופלים-ממליצים-על-המרכז-לטי/358712840_10160824456238588_8884593714419660269_n/feed/
/דיגרידו-המרכז-לטיפול-בדיגרידו-סטודי/whatsapp-image-2021-10-14-at-12-24-26-1/feed/,crawled-not-indexed,no,404,,,,,needs-410,https://www.eyalamit.co.il/דיגרידו-המרכז-לטיפול-בדיגרידו-סטודי/whatsapp-image-2021-10-14-at-12-24-26-1/feed/
/דיגרידו-המרכז-לטיפול-בדיגרידו-סטודי/105038345_2165166216962209_7019916837117165911_o-2/feed/,crawled-not-indexed,no,404,,,,,needs-410,https://www.eyalamit.co.il/דיגרידו-המרכז-לטיפול-בדיגרידו-סטודי/105038345_2165166216962209_7019916837117165911_o-2/feed/
/דיגרידו-המרכז-לטיפול-בדיגרידו-סטודי/תיקון-דיגרידו/268476978_929215271321678_1479189845250359053_n/feed/,crawled-not-indexed,no,404,,,,,needs-410,https://www.eyalamit.co.il/דיגרידו-המרכז-לטיפול-בדיגרידו-סטודי/תיקון-דיגרידו/268476978_929215271321678_1479189845250359053_n/feed/
/דיגרידו-המרכז-לטיפול-בדיגרידו-סטודי/תיקון-דיגרידו/267201594_3247342198822735_7922210410870561586_n/feed/,crawled-not-indexed,no,404,,,,,needs-410,https://www.eyalamit.co.il/דיגרידו-המרכז-לטיפול-בדיגרידו-סטודי/תיקון-דיגרידו/267201594_3247342198822735_7922210410870561586_n/feed/
/דיגרידו-המרכז-לטיפול-בדיגרידו-סטודי/תיקון-דיגרידו/266979163_251578380399152_2573120947875648000_n/feed/,crawled-not-indexed,no,404,,,,,needs-410,https://www.eyalamit.co.il/דיגרידו-המרכז-לטיפול-בדיגרידו-סטודי/תיקון-דיגרידו/266979163_251578380399152_2573120947875648000_n/feed/
/דיגרידו-המרכז-לטיפול-בדיגרידו-סטודי/whatsapp-image-2021-10-14-at-12-19-32/feed/,crawled-not-indexed,no,404,,,,,needs-410,https://www.eyalamit.co.il/דיגרידו-המרכז-לטיפול-בדיגרידו-סטודי/whatsapp-image-2021-10-14-at-12-19-32/feed/
/Blog/תלמידים-ומטופלים-ממליצים-על-המרכז-לטי/358077642_743599564439129_145264431334848788_n/feed/,crawled-not-indexed,regex:/Blog/,301,http://eyalamit-co-il-2026.s887.upress.link/blog/%D7%AA%D7%9C%D7%9E%D7%99%D7%93%D7%99%D7%9D-%D7%95%D7%9E%D7%98%D7%95%D7%A4%D7%9C%D7%99%D7%9D-%D7%9E%D7%9E%D7%9C%D7%99%D7%A6%D7%99%D7%9D-%D7%A2%D7%9C-%D7%94%D7%9E%D7%A8%D7%9B%D7%96-%D7%9C%D7%98%D7%99/358077642_743599564439129_145264431334848788_n/feed/,404,1,/blog/תלמידים-ומטופלים-ממליצים-על-המרכז-לטי/358077642_743599564439129_145264431334848788_n/feed/,needs-content-check,https://www.eyalamit.co.il/Blog/תלמידים-ומטופלים-ממליצים-על-המרכז-לטי/358077642_743599564439129_145264431334848788_n/feed/
/דיגרידו-המרכז-לטיפול-בדיגרידו-סטודי/סטנד-רצפתי-לדיגרידו-לנגינה-בישיבה-נמו/20231002_100535/feed/,crawled-not-indexed,no,404,,,,,needs-410,https://www.eyalamit.co.il/דיגרידו-המרכז-לטיפול-בדיגרידו-סטודי/סטנד-רצפתי-לדיגרידו-לנגינה-בישיבה-נמו/20231002_100535/feed/
/דיגרידו-המרכז-לטיפול-בדיגרידו-סטודי/תיקון-דיגרידו/20220420_183446/feed/,crawled-not-indexed,no,404,,,,,needs-410,https://www.eyalamit.co.il/דיגרידו-המרכז-לטיפול-בדיגרידו-סטודי/תיקון-דיגרידו/20220420_183446/feed/
/דיגרידו-המרכז-לטיפול-בדיגרידו-סטודי/untitled-1-2/feed/,crawled-not-indexed,no,404,,,,,needs-410,https://www.eyalamit.co.il/דיגרידו-המרכז-לטיפול-בדיגרידו-סטודי/untitled-1-2/feed/
/דיגרידו-המרכז-לטיפול-בדיגרידו-סטודי/whatsapp-image-2021-10-14-at-12-12-02/feed/,crawled-not-indexed,no,404,,,,,needs-410,https://www.eyalamit.co.il/דיגרידו-המרכז-לטיפול-בדיגרידו-סטודי/whatsapp-image-2021-10-14-at-12-12-02/feed/
/Blog/תלמידים-ומטופלים-ממליצים-על-המרכז-לטי/371830926_782391980559887_1719696505676313892_n/feed/,crawled-not-indexed,regex:/Blog/,301,http://eyalamit-co-il-2026.s887.upress.link/blog/%D7%AA%D7%9C%D7%9E%D7%99%D7%93%D7%99%D7%9D-%D7%95%D7%9E%D7%98%D7%95%D7%A4%D7%9C%D7%99%D7%9D-%D7%9E%D7%9E%D7%9C%D7%99%D7%A6%D7%99%D7%9D-%D7%A2%D7%9C-%D7%94%D7%9E%D7%A8%D7%9B%D7%96-%D7%9C%D7%98%D7%99/371830926_782391980559887_1719696505676313892_n/feed/,404,1,/blog/תלמידים-ומטופלים-ממליצים-על-המרכז-לטי/371830926_782391980559887_1719696505676313892_n/feed/,needs-content-check,https://www.eyalamit.co.il/Blog/תלמידים-ומטופלים-ממליצים-על-המרכז-לטי/371830926_782391980559887_1719696505676313892_n/feed/
/דיגרידו-המרכז-לטיפול-בדיגרידו-סטודי/סאונד-הילינג-דיגרידו-מדיטציית-דיגריד/whatsapp-image-2022-11-08-at-12-11-00/feed/,crawled-not-indexed,no,404,,,,,needs-410,https://www.eyalamit.co.il/דיגרידו-המרכז-לטיפול-בדיגרידו-סטודי/סאונד-הילינג-דיגרידו-מדיטציית-דיגריד/whatsapp-image-2022-11-08-at-12-11-00/feed/
/Gallery/גלריה-דיגרידו-סטודיו-נשימה-מעגלית/67213154_1792679510877550_8029294931551977472_n/feed/,crawled-not-indexed,no,404,,,,,needs-410,https://www.eyalamit.co.il/Gallery/גלריה-דיגרידו-סטודיו-נשימה-מעגלית/67213154_1792679510877550_8029294931551977472_n/feed/
/Blog/תלמידים-ומטופלים-ממליצים-על-המרכז-לטי/358697649_10160824456433588_7719324747200329880_n/feed/,crawled-not-indexed,regex:/Blog/,301,http://eyalamit-co-il-2026.s887.upress.link/blog/%D7%AA%D7%9C%D7%9E%D7%99%D7%93%D7%99%D7%9D-%D7%95%D7%9E%D7%98%D7%95%D7%A4%D7%9C%D7%99%D7%9D-%D7%9E%D7%9E%D7%9C%D7%99%D7%A6%D7%99%D7%9D-%D7%A2%D7%9C-%D7%94%D7%9E%D7%A8%D7%9B%D7%96-%D7%9C%D7%98%D7%99/358697649_10160824456433588_7719324747200329880_n/feed/,404,1,/blog/תלמידים-ומטופלים-ממליצים-על-המרכז-לטי/358697649_10160824456433588_7719324747200329880_n/feed/,needs-content-check,https://www.eyalamit.co.il/Blog/תלמידים-ומטופלים-ממליצים-על-המרכז-לטי/358697649_10160824456433588_7719324747200329880_n/feed/
/דיגרידו-המרכז-לטיפול-בדיגרידו-סטודי/תיקון-דיגרידו/20230628_115730/feed/,crawled-not-indexed,no,404,,,,,needs-410,https://www.eyalamit.co.il/דיגרידו-המרכז-לטיפול-בדיגרידו-סטודי/תיקון-דיגרידו/20230628_115730/feed/
/דיגרידו-המרכז-לטיפול-בדיגרידו-סטודי/whatsapp-image-2021-10-14-at-12-18-51/feed/,crawled-not-indexed,no,404,,,,,needs-410,https://www.eyalamit.co.il/דיגרידו-המרכז-לטיפול-בדיגרידו-סטודי/whatsapp-image-2021-10-14-at-12-18-51/feed/
/דיגרידו-המרכז-לטיפול-בדיגרידו-סטודי/סטנד-רצפתי-לדיגרידו-לנגינה-בישיבה-נמו/20230912_133051/feed/,crawled-not-indexed,no,404,,,,,needs-410,https://www.eyalamit.co.il/דיגרידו-המרכז-לטיפול-בדיגרידו-סטודי/סטנד-רצפתי-לדיגרידו-לנגינה-בישיבה-נמו/20230912_133051/feed/
/Blog/2-8-מופע-בצוותא-20-מהמקומות-באולם-חינם-לתוש/feed/,crawled-not-indexed,regex:/Blog/,301,http://eyalamit-co-il-2026.s887.upress.link/blog/2-8-%D7%9E%D7%95%D7%A4%D7%A2-%D7%91%D7%A6%D7%95%D7%95%D7%AA%D7%90-20-%D7%9E%D7%94%D7%9E%D7%A7%D7%95%D7%9E%D7%95%D7%AA-%D7%91%D7%90%D7%95%D7%9C%D7%9D-%D7%97%D7%99%D7%A0%D7%9D-%D7%9C%D7%AA%D7%95%D7%A9/feed/,404,1,/blog/2-8-מופע-בצוותא-20-מהמקומות-באולם-חינם-לתוש/feed/,needs-content-check,https://www.eyalamit.co.il/Blog/2-8-מופע-בצוותא-20-מהמקומות-באולם-חינם-לתוש/feed/
/Blog/סדנה-קבוצתית-מקיפה-וייחודית-לנשימה-מע/,crawled-not-indexed,regex:/Blog/,301,http://eyalamit-co-il-2026.s887.upress.link/blog/%D7%A1%D7%93%D7%A0%D7%94-%D7%A7%D7%91%D7%95%D7%A6%D7%AA%D7%99%D7%AA-%D7%9E%D7%A7%D7%99%D7%A4%D7%94-%D7%95%D7%99%D7%99%D7%97%D7%95%D7%93%D7%99%D7%AA-%D7%9C%D7%A0%D7%A9%D7%99%D7%9E%D7%94-%D7%9E%D7%A2/,404,1,/blog/סדנה-קבוצתית-מקיפה-וייחודית-לנשימה-מע/,needs-content-check,https://www.eyalamit.co.il/Blog/סדנה-קבוצתית-מקיפה-וייחודית-לנשימה-מע/
/דיגרידו-המרכז-לטיפול-בדיגרידו-סטודי/סאונד-הילינג-דיגרידו-מדיטציית-דיגריד/,crawled-not-indexed,yes,301,http://eyalamit-co-il-2026.s887.upress.link/sound-healing/,200,1,/sound-healing/,covered,https://www.eyalamit.co.il/דיגרידו-המרכז-לטיפול-בדיגרידו-סטודי/סאונד-הילינג-דיגרידו-מדיטציית-דיגריד
/אייל-עמית-אודות/,crawled-not-indexed,yes,301,http://eyalamit-co-il-2026.s887.upress.link/eyal-amit/,200,1,/about/,covered,https://www.eyalamit.co.il/אייל-עמית-אודות
/Blog/סדנה-קבוצתית-מקיפה-וייחודית-לנשימה-מע/דיגרידו-אייל-עמית-2/,crawled-not-indexed,regex:/Blog/,301,http://eyalamit-co-il-2026.s887.upress.link/blog/%D7%A1%D7%93%D7%A0%D7%94-%D7%A7%D7%91%D7%95%D7%A6%D7%AA%D7%99%D7%AA-%D7%9E%D7%A7%D7%99%D7%A4%D7%94-%D7%95%D7%99%D7%99%D7%97%D7%95%D7%93%D7%99%D7%AA-%D7%9C%D7%A0%D7%A9%D7%99%D7%9E%D7%94-%D7%9E%D7%A2/%D7%93%D7%99%D7%92%D7%A8%D7%99%D7%93%D7%95-%D7%90%D7%99%D7%99%D7%9C-%D7%A2%D7%9E%D7%99%D7%AA-2/,404,1,/blog/סדנה-קבוצתית-מקיפה-וייחודית-לנשימה-מע/דיגרידו-אייל-עמית-2/,needs-content-check,https://www.eyalamit.co.il/Blog/סדנה-קבוצתית-מקיפה-וייחודית-לנשימה-מע/דיגרידו-אייל-עמית-2/
/Blog/שליחות-חיי-כתבה-אודות-המרכז-לטיפול-בדי/,crawled-not-indexed,regex:/Blog/,301,http://eyalamit-co-il-2026.s887.upress.link/blog/%D7%A9%D7%9C%D7%99%D7%97%D7%95%D7%AA-%D7%97%D7%99%D7%99-%D7%9B%D7%AA%D7%91%D7%94-%D7%90%D7%95%D7%93%D7%95%D7%AA-%D7%94%D7%9E%D7%A8%D7%9B%D7%96-%D7%9C%D7%98%D7%99%D7%A4%D7%95%D7%9C-%D7%91%D7%93%D7%99/,404,1,/blog/שליחות-חיי-כתבה-אודות-המרכז-לטיפול-בדי/,needs-content-check,https://www.eyalamit.co.il/Blog/שליחות-חיי-כתבה-אודות-המרכז-לטיפול-בדי/
/Blog/את-הספר-החדש-שלי-לא-תמצאו-בחנויות-הספרי/,crawled-not-indexed,regex:/Blog/,301,http://eyalamit-co-il-2026.s887.upress.link/blog/%D7%90%D7%AA-%D7%94%D7%A1%D7%A4%D7%A8-%D7%94%D7%97%D7%93%D7%A9-%D7%A9%D7%9C%D7%99-%D7%9C%D7%90-%D7%AA%D7%9E%D7%A6%D7%90%D7%95-%D7%91%D7%97%D7%A0%D7%95%D7%99%D7%95%D7%AA-%D7%94%D7%A1%D7%A4%D7%A8%D7%99/,404,1,/blog/את-הספר-החדש-שלי-לא-תמצאו-בחנויות-הספרי/,needs-content-check,http://www.eyalamit.co.il/Blog/את-הספר-החדש-שלי-לא-תמצאו-בחנויות-הספרי/
/Blog/שליחות-חיי-כתבה-אודות-המרכז-לטיפול-בדי-5/אלון/,crawled-not-indexed,regex:/Blog/,301,http://eyalamit-co-il-2026.s887.upress.link/blog/%D7%A9%D7%9C%D7%99%D7%97%D7%95%D7%AA-%D7%97%D7%99%D7%99-%D7%9B%D7%AA%D7%91%D7%94-%D7%90%D7%95%D7%93%D7%95%D7%AA-%D7%94%D7%9E%D7%A8%D7%9B%D7%96-%D7%9C%D7%98%D7%99%D7%A4%D7%95%D7%9C-%D7%91%D7%93%D7%99-5/%D7%90%D7%9C%D7%95%D7%9F/,404,1,/blog/שליחות-חיי-כתבה-אודות-המרכז-לטיפול-בדי-5/אלון/,needs-content-check,https://www.eyalamit.co.il/Blog/שליחות-חיי-כתבה-אודות-המרכז-לטיפול-בדי-5/אלון/
/Blog/סדנה-קבוצתית-מקיפה-וייחודית-לנשימה-מע/סטודיו/,crawled-not-indexed,regex:/Blog/,301,http://eyalamit-co-il-2026.s887.upress.link/blog/%D7%A1%D7%93%D7%A0%D7%94-%D7%A7%D7%91%D7%95%D7%A6%D7%AA%D7%99%D7%AA-%D7%9E%D7%A7%D7%99%D7%A4%D7%94-%D7%95%D7%99%D7%99%D7%97%D7%95%D7%93%D7%99%D7%AA-%D7%9C%D7%A0%D7%A9%D7%99%D7%9E%D7%94-%D7%9E%D7%A2/%D7%A1%D7%98%D7%95%D7%93%D7%99%D7%95/,404,1,/blog/סדנה-קבוצתית-מקיפה-וייחודית-לנשימה-מע/סטודיו/,needs-content-check,https://www.eyalamit.co.il/Blog/סדנה-קבוצתית-מקיפה-וייחודית-לנשימה-מע/סטודיו/
/דיגרידו-המרכז-לטיפול-בדיגרידו-סטודי/תיקון-דיגרידו/109777371_733193327523736_7914855873925322208_n/feed/,crawled-not-indexed,no,404,,,,,needs-410,https://www.eyalamit.co.il/דיגרידו-המרכז-לטיפול-בדיגרידו-סטודי/תיקון-דיגרידו/109777371_733193327523736_7914855873925322208_n/feed/
/Blog/2228-2/feed/,crawled-not-indexed,regex:/Blog/,301,http://eyalamit-co-il-2026.s887.upress.link/blog/2228-2/feed/,404,1,/blog/2228-2/feed/,needs-content-check,https://www.eyalamit.co.il/Blog/2228-2/feed/
/דיגרידו-המרכז-לטיפול-בדיגרידו-סטודי/תיקון-דיגרידו/whatsapp-image-2021-10-16-at-01-07-52/feed/,crawled-not-indexed,no,404,,,,,needs-410,https://www.eyalamit.co.il/דיגרידו-המרכז-לטיפול-בדיגרידו-סטודי/תיקון-דיגרידו/whatsapp-image-2021-10-16-at-01-07-52/feed/
/qr/qr14/feed/,crawled-not-indexed,no,200,,,,,false-positive,https://www.eyalamit.co.il/qr/qr14/feed/
/דיגרידו-המרכז-לטיפול-בדיגרידו-סטודי/סטנדים-לאחסון-דיגרידו-בתלייה-או-בעמיד/whatsapp-image-2021-11-24-at-19-46-25-2/feed/,crawled-not-indexed,no,404,,,,,needs-410,https://www.eyalamit.co.il/דיגרידו-המרכז-לטיפול-בדיגרידו-סטודי/סטנדים-לאחסון-דיגרידו-בתלייה-או-בעמיד/whatsapp-image-2021-11-24-at-19-46-25-2/feed/
/דיגרידו-המרכז-לטיפול-בדיגרידו-סטודי/סטנדים-לאחסון-דיגרידו-בתלייה-או-בעמיד/whatsapp-image-2021-11-24-at-19-46-24-1/feed/,crawled-not-indexed,no,404,,,,,needs-410,https://www.eyalamit.co.il/דיגרידו-המרכז-לטיפול-בדיגרידו-סטודי/סטנדים-לאחסון-דיגרידו-בתלייה-או-בעמיד/whatsapp-image-2021-11-24-at-19-46-24-1/feed/
/דיגרידו-המרכז-לטיפול-בדיגרידו-סטודי/תיקון-דיגרידו/109828360_733193144190421_7790846176210512789_n/feed/,crawled-not-indexed,no,404,,,,,needs-410,https://www.eyalamit.co.il/דיגרידו-המרכז-לטיפול-בדיגרידו-סטודי/תיקון-דיגרידו/109828360_733193144190421_7790846176210512789_n/feed/
/Blog/תלמידים-ומטופלים-ממליצים-על-המרכז-לטי/355696642_736374245161661_7562672560796252699_n/feed/,crawled-not-indexed,regex:/Blog/,301,http://eyalamit-co-il-2026.s887.upress.link/blog/%D7%AA%D7%9C%D7%9E%D7%99%D7%93%D7%99%D7%9D-%D7%95%D7%9E%D7%98%D7%95%D7%A4%D7%9C%D7%99%D7%9D-%D7%9E%D7%9E%D7%9C%D7%99%D7%A6%D7%99%D7%9D-%D7%A2%D7%9C-%D7%94%D7%9E%D7%A8%D7%9B%D7%96-%D7%9C%D7%98%D7%99/355696642_736374245161661_7562672560796252699_n/feed/,404,1,/blog/תלמידים-ומטופלים-ממליצים-על-המרכז-לטי/355696642_736374245161661_7562672560796252699_n/feed/,needs-content-check,https://www.eyalamit.co.il/Blog/תלמידים-ומטופלים-ממליצים-על-המרכז-לטי/355696642_736374245161661_7562672560796252699_n/feed/
/דיגרידו-המרכז-לטיפול-בדיגרידו-סטודי/תיקון-דיגרידו/109720682_733193414190394_820266731197563816_n/feed/,crawled-not-indexed,no,404,,,,,needs-410,https://www.eyalamit.co.il/דיגרידו-המרכז-לטיפול-בדיגרידו-סטודי/תיקון-דיגרידו/109720682_733193414190394_820266731197563816_n/feed/
/דיגרידו-המרכז-לטיפול-בדיגרידו-סטודי/whatsapp-image-2021-10-14-at-12-46-00/feed/,crawled-not-indexed,no,404,,,,,needs-410,https://www.eyalamit.co.il/דיגרידו-המרכז-לטיפול-בדיגרידו-סטודי/whatsapp-image-2021-10-14-at-12-46-00/feed/
/דיגרידו-המרכז-לטיפול-בדיגרידו-סטודי/anyconv-com__20230911_141353/feed/,crawled-not-indexed,no,404,,,,,needs-410,https://www.eyalamit.co.il/דיגרידו-המרכז-לטיפול-בדיגרידו-סטודי/anyconv-com__20230911_141353/feed/
/דיגרידו-המרכז-לטיפול-בדיגרידו-סטודי/תיקים-לדיגרידו/‏‏לכידה33/feed/,crawled-not-indexed,no,404,,,,,needs-410,https://www.eyalamit.co.il/דיגרידו-המרכז-לטיפול-בדיגרידו-סטודי/תיקים-לדיגרידו/‏‏לכידה33/feed/
/דיגרידו-המרכז-לטיפול-בדיגרידו-סטודי/סטנדים-לאחסון-דיגרידו-בתלייה-או-בעמיד/whatsapp-image-2021-11-24-at-19-46-25-3/feed/,crawled-not-indexed,no,404,,,,,needs-410,https://www.eyalamit.co.il/דיגרידו-המרכז-לטיפול-בדיגרידו-סטודי/סטנדים-לאחסון-דיגרידו-בתלייה-או-בעמיד/whatsapp-image-2021-11-24-at-19-46-25-3/feed/
/דיגרידו-המרכז-לטיפול-בדיגרידו-סטודי/סטנדים-לאחסון-דיגרידו-בתלייה-או-בעמיד/whatsapp-image-2021-11-24-at-19-46-24/feed/,crawled-not-indexed,no,404,,,,,needs-410,https://www.eyalamit.co.il/דיגרידו-המרכז-לטיפול-בדיגרידו-סטודי/סטנדים-לאחסון-דיגרידו-בתלייה-או-בעמיד/whatsapp-image-2021-11-24-at-19-46-24/feed/
/דיגרידו-המרכז-לטיפול-בדיגרידו-סטודי/תיקון-דיגרידו/whatsapp-image-2021-10-17-at-21-59-32-1/feed/,crawled-not-indexed,no,404,,,,,needs-410,https://www.eyalamit.co.il/דיגרידו-המרכז-לטיפול-בדיגרידו-סטודי/תיקון-דיגרידו/whatsapp-image-2021-10-17-at-21-59-32-1/feed/
/Blog/הכל-אודות-ריברסינג-נשימה-מעגלית-ו-דיג/‏‏לכגגידה/,crawled-not-indexed,regex:/Blog/,301,http://eyalamit-co-il-2026.s887.upress.link/blog/%D7%94%D7%9B%D7%9C-%D7%90%D7%95%D7%93%D7%95%D7%AA-%D7%A8%D7%99%D7%91%D7%A8%D7%A1%D7%99%D7%A0%D7%92-%D7%A0%D7%A9%D7%99%D7%9E%D7%94-%D7%9E%D7%A2%D7%92%D7%9C%D7%99%D7%AA-%D7%95-%D7%93%D7%99%D7%92/%E2%80%8F%E2%80%8F%D7%9C%D7%9B%D7%92%D7%92%D7%99%D7%93%D7%94/,404,1,/blog/הכל-אודות-ריברסינג-נשימה-מעגלית-ו-דיג/‏‏לכגגידה/,needs-content-check,https://www.eyalamit.co.il/Blog/הכל-אודות-ריברסינג-נשימה-מעגלית-ו-דיג/‏‏לכגגידה/
/דיגרידו-המרכז-לטיפול-בדיגרידו-סטודי/תיקון-דיגרידו/269693908_350597266751093_838248730213479112_n/feed/,crawled-not-indexed,no,404,,,,,needs-410,https://www.eyalamit.co.il/דיגרידו-המרכז-לטיפול-בדיגרידו-סטודי/תיקון-דיגרידו/269693908_350597266751093_838248730213479112_n/feed/
/דיגרידו-המרכז-לטיפול-בדיגרידו-סטודי/תיקון-דיגרידו/20230628_115134/feed/,crawled-not-indexed,no,404,,,,,needs-410,https://www.eyalamit.co.il/דיגרידו-המרכז-לטיפול-בדיגרידו-סטודי/תיקון-דיגרידו/20230628_115134/feed/
/דיגרידו-המרכז-לטיפול-בדיגרידו-סטודי/סטנדים-לאחסון-דיגרידו-בתלייה-או-בעמיד/whatsapp-image-2021-11-24-at-19-46-25-1/feed/,crawled-not-indexed,no,404,,,,,needs-410,https://www.eyalamit.co.il/דיגרידו-המרכז-לטיפול-בדיגרידו-סטודי/סטנדים-לאחסון-דיגרידו-בתלייה-או-בעמיד/whatsapp-image-2021-11-24-at-19-46-25-1/feed/
/דיגרידו-המרכז-לטיפול-בדיגרידו-סטודי/סטנדים-לאחסון-דיגרידו-בתלייה-או-בעמיד/whatsapp-image-2021-11-24-at-19-46-24-2/feed/,crawled-not-indexed,no,404,,,,,needs-410,https://www.eyalamit.co.il/דיגרידו-המרכז-לטיפול-בדיגרידו-סטודי/סטנדים-לאחסון-דיגרידו-בתלייה-או-בעמיד/whatsapp-image-2021-11-24-at-19-46-24-2/feed/
/Blog/tag/הוצאה-לאור/feed/,crawled-not-indexed,regex:/Blog/,301,http://eyalamit-co-il-2026.s887.upress.link/blog/tag/%D7%94%D7%95%D7%A6%D7%90%D7%94-%D7%9C%D7%90%D7%95%D7%A8/feed/,404,1,/blog/tag/הוצאה-לאור/feed/,needs-content-check,https://www.eyalamit.co.il/Blog/tag/הוצאה-לאור/feed/
/Gallery/גלריה-דיגרידו-סטודיו-נשימה-מעגלית/60772895_1734335913378577_7527475458108030976_o/feed/,crawled-not-indexed,no,404,,,,,needs-410,https://www.eyalamit.co.il/Gallery/גלריה-דיגרידו-סטודיו-נשימה-מעגלית/60772895_1734335913378577_7527475458108030976_o/feed/
/Blog/שליחות-חיי-כתבה-אודות-המרכז-לטיפול-בדי-5/358453706_10160824456508588_6086168925719421913_n/,crawled-not-indexed,regex:/Blog/,301,http://eyalamit-co-il-2026.s887.upress.link/blog/%D7%A9%D7%9C%D7%99%D7%97%D7%95%D7%AA-%D7%97%D7%99%D7%99-%D7%9B%D7%AA%D7%91%D7%94-%D7%90%D7%95%D7%93%D7%95%D7%AA-%D7%94%D7%9E%D7%A8%D7%9B%D7%96-%D7%9C%D7%98%D7%99%D7%A4%D7%95%D7%9C-%D7%91%D7%93%D7%99-5/358453706_10160824456508588_6086168925719421913_n/,404,1,/blog/שליחות-חיי-כתבה-אודות-המרכז-לטיפול-בדי-5/358453706_10160824456508588_6086168925719421913_n/,needs-content-check,https://www.eyalamit.co.il/Blog/שליחות-חיי-כתבה-אודות-המרכז-לטיפול-בדי-5/358453706_10160824456508588_6086168925719421913_n/
/Blog/מופע-הסיפורים-של-אייל-עמית-שישי-23-10-15-בתיא/,crawled-not-indexed,regex:/Blog/,301,http://eyalamit-co-il-2026.s887.upress.link/blog/%D7%9E%D7%95%D7%A4%D7%A2-%D7%94%D7%A1%D7%99%D7%A4%D7%95%D7%A8%D7%99%D7%9D-%D7%A9%D7%9C-%D7%90%D7%99%D7%99%D7%9C-%D7%A2%D7%9E%D7%99%D7%AA-%D7%A9%D7%99%D7%A9%D7%99-23-10-15-%D7%91%D7%AA%D7%99%D7%90/,200,2,/מופע-הסיפורים-של-אייל-עמית-שישי-23-10-15-בתיא/,covered,http://www.eyalamit.co.il/Blog/מופע-הסיפורים-של-אייל-עמית-שישי-23-10-15-בתיא/
/qr/qr13/feed/,crawled-not-indexed,no,200,,,,,false-positive,https://www.eyalamit.co.il/qr/qr13/feed/
/Blog/author/admin/,crawled-not-indexed,regex:/Blog/,301,http://eyalamit-co-il-2026.s887.upress.link/blog/author/admin/,404,1,/blog/author/admin/,needs-content-check,http://www.eyalamit.co.il/Blog/author/admin/
/דיגרידו-המרכז-לטיפול-בדיגרידו-סטודי/סאונד-הילינג-דיגרידו-מדיטציית-דיגריד/סאונד-הילינג-אייל-עמית-דידגרידו/,crawled-not-indexed,no,404,,,,,needs-410,https://www.eyalamit.co.il/דיגרידו-המרכז-לטיפול-בדיגרידו-סטודי/סאונד-הילינג-דיגרידו-מדיטציית-דיגריד/סאונד-הילינג-אייל-עמית-דידגרידו/
/Blog/23-הטור-של-אייל-עמית-לציית-או-לחשוב/גרפיטי/,crawled-not-indexed,regex:/Blog/,301,http://eyalamit-co-il-2026.s887.upress.link/blog/23-%D7%94%D7%98%D7%95%D7%A8-%D7%A9%D7%9C-%D7%90%D7%99%D7%99%D7%9C-%D7%A2%D7%9E%D7%99%D7%AA-%D7%9C%D7%A6%D7%99%D7%99%D7%AA-%D7%90%D7%95-%D7%9C%D7%97%D7%A9%D7%95%D7%91/%D7%92%D7%A8%D7%A4%D7%99%D7%98%D7%99/,404,1,/blog/23-הטור-של-אייל-עמית-לציית-או-לחשוב/גרפיטי/,needs-content-check,https://www.eyalamit.co.il/Blog/23-הטור-של-אייל-עמית-לציית-או-לחשוב/גרפיטי/
/Blog/תלמידים-ומטופלים-ממליצים-על-המרכז-לטי/358728867_10160824456388588_394453249361927711_n/,crawled-not-indexed,regex:/Blog/,301,http://eyalamit-co-il-2026.s887.upress.link/blog/%D7%AA%D7%9C%D7%9E%D7%99%D7%93%D7%99%D7%9D-%D7%95%D7%9E%D7%98%D7%95%D7%A4%D7%9C%D7%99%D7%9D-%D7%9E%D7%9E%D7%9C%D7%99%D7%A6%D7%99%D7%9D-%D7%A2%D7%9C-%D7%94%D7%9E%D7%A8%D7%9B%D7%96-%D7%9C%D7%98%D7%99/358728867_10160824456388588_394453249361927711_n/,404,1,/blog/תלמידים-ומטופלים-ממליצים-על-המרכז-לטי/358728867_10160824456388588_394453249361927711_n/,needs-content-check,https://www.eyalamit.co.il/Blog/תלמידים-ומטופלים-ממליצים-על-המרכז-לטי/358728867_10160824456388588_394453249361927711_n/
/Blog/תלמידים-ומטופלים-ממליצים-על-המרכז-לטי/371822714_781671903965228_7156812037328721336_n/,crawled-not-indexed,regex:/Blog/,301,http://eyalamit-co-il-2026.s887.upress.link/blog/%D7%AA%D7%9C%D7%9E%D7%99%D7%93%D7%99%D7%9D-%D7%95%D7%9E%D7%98%D7%95%D7%A4%D7%9C%D7%99%D7%9D-%D7%9E%D7%9E%D7%9C%D7%99%D7%A6%D7%99%D7%9D-%D7%A2%D7%9C-%D7%94%D7%9E%D7%A8%D7%9B%D7%96-%D7%9C%D7%98%D7%99/371822714_781671903965228_7156812037328721336_n/,404,1,/blog/תלמידים-ומטופלים-ממליצים-על-המרכז-לטי/371822714_781671903965228_7156812037328721336_n/,needs-content-check,https://www.eyalamit.co.il/Blog/תלמידים-ומטופלים-ממליצים-על-המרכז-לטי/371822714_781671903965228_7156812037328721336_n/
/Blog/תלמידים-ומטופלים-ממליצים-על-המרכז-לטי/371830926_782391980559887_1719696505676313892_n/,crawled-not-indexed,regex:/Blog/,301,http://eyalamit-co-il-2026.s887.upress.link/blog/%D7%AA%D7%9C%D7%9E%D7%99%D7%93%D7%99%D7%9D-%D7%95%D7%9E%D7%98%D7%95%D7%A4%D7%9C%D7%99%D7%9D-%D7%9E%D7%9E%D7%9C%D7%99%D7%A6%D7%99%D7%9D-%D7%A2%D7%9C-%D7%94%D7%9E%D7%A8%D7%9B%D7%96-%D7%9C%D7%98%D7%99/371830926_782391980559887_1719696505676313892_n/,404,1,/blog/תלמידים-ומטופלים-ממליצים-על-המרכז-לטי/371830926_782391980559887_1719696505676313892_n/,needs-content-check,https://www.eyalamit.co.il/Blog/תלמידים-ומטופלים-ממליצים-על-המרכז-לטי/371830926_782391980559887_1719696505676313892_n/
/Gallery/גלריה-דיגרידו-סטודיו-נשימה-מעגלית/whatsapp-image-2020-07-22-at-21-21-30-7/,crawled-not-indexed,no,404,,,,,needs-410,https://www.eyalamit.co.il/Gallery/גלריה-דיגרידו-סטודיו-נשימה-מעגלית/whatsapp-image-2020-07-22-at-21-21-30-7/
/Gallery/מטיילים-מצטלמים-צבע-בכחול/פאצה-מאמא-2/,crawled-not-indexed,no,404,,,,,needs-410,http://www.eyalamit.co.il/Gallery/מטיילים-מצטלמים-צבע-בכחול/פאצה-מאמא-2/
/דיגרידו-המרכז-לטיפול-בדיגרידו-סטודי/סאונד-הילינג-דיגרידו-מדיטציית-דיגריד/סאונד-הילינג-דיגרידו-אייל-עמית-פרדס-חנ-3/,crawled-but-not-indexed,no,404,,,,,needs-410,https://www.eyalamit.co.il/דיגרידו-המרכז-לטיפול-בדיגרידו-סטודי/סאונד-הילינג-דיגרידו-מדיטציית-דיגריד/סאונד-הילינג-דיגרידו-אייל-עמית-פרדס-חנ-3/
/וכתבת-אייל-עמית/,crawled-but-not-indexed,yes,301,http://eyalamit-co-il-2026.s887.upress.link/books/vekatavta/,200,1,/books/vekatavta/,covered,https://www.eyalamit.co.il/וכתבת-אייל-עמית/
/מפת-אתר-site-map/,crawled-but-not-indexed,yes,301,http://eyalamit-co-il-2026.s887.upress.link/sitemap_index.xml,200,1,/sitemap_index.xml,covered,https://www.eyalamit.co.il/מפת-אתר-site-map/
/Blog/לא-בעוד-רגע-לא-בעוד-שנייה-ע-כ-ש-י-ו/,crawled-but-not-indexed,regex:/Blog/,301,http://eyalamit-co-il-2026.s887.upress.link/blog/%D7%9C%D7%90-%D7%91%D7%A2%D7%95%D7%93-%D7%A8%D7%92%D7%A2-%D7%9C%D7%90-%D7%91%D7%A2%D7%95%D7%93-%D7%A9%D7%A0%D7%99%D7%99%D7%94-%D7%A2-%D7%9B-%D7%A9-%D7%99-%D7%95/,200,2,/לא-בעוד-רגע-לא-בעוד-שנייה-ע-כ-ש-י-ו/,covered,https://www.eyalamit.co.il/Blog/לא-בעוד-רגע-לא-בעוד-שנייה-ע-כ-ש-י-ו/
/Blog/נשים-מנגנות-בדיגרידו-אישה-מנגנת-בדיג/,crawled-but-not-indexed,regex:/Blog/,301,http://eyalamit-co-il-2026.s887.upress.link/blog/%D7%A0%D7%A9%D7%99%D7%9D-%D7%9E%D7%A0%D7%92%D7%A0%D7%95%D7%AA-%D7%91%D7%93%D7%99%D7%92%D7%A8%D7%99%D7%93%D7%95-%D7%90%D7%99%D7%A9%D7%94-%D7%9E%D7%A0%D7%92%D7%A0%D7%AA-%D7%91%D7%93%D7%99%D7%92/,200,2,/נשים-מנגנות-בדיגרידו-אישה-מנגנת-בדיג/,covered,https://www.eyalamit.co.il/Blog/נשים-מנגנות-בדיגרידו-אישה-מנגנת-בדיג/
/Blog/32-הטור-של-אייל-עמית-אם-אין-אני-לי-מי-לי/,crawled-but-not-indexed,regex:/Blog/,301,http://eyalamit-co-il-2026.s887.upress.link/blog/32-%D7%94%D7%98%D7%95%D7%A8-%D7%A9%D7%9C-%D7%90%D7%99%D7%99%D7%9C-%D7%A2%D7%9E%D7%99%D7%AA-%D7%90%D7%9D-%D7%90%D7%99%D7%9F-%D7%90%D7%A0%D7%99-%D7%9C%D7%99-%D7%9E%D7%99-%D7%9C%D7%99/,200,2,/32-הטור-של-אייל-עמית-אם-אין-אני-לי-מי-לי/,covered,https://www.eyalamit.co.il/Blog/32-הטור-של-אייל-עמית-אם-אין-אני-לי-מי-לי/
/Blog/34-הטור-של-אייל-עמית-הלב/,crawled-but-not-indexed,regex:/Blog/,301,http://eyalamit-co-il-2026.s887.upress.link/blog/34-%D7%94%D7%98%D7%95%D7%A8-%D7%A9%D7%9C-%D7%90%D7%99%D7%99%D7%9C-%D7%A2%D7%9E%D7%99%D7%AA-%D7%94%D7%9C%D7%91/,200,2,/34-הטור-של-אייל-עמית-הלב/,covered,https://www.eyalamit.co.il/Blog/34-הטור-של-אייל-עמית-הלב/
/Blog/43-הטור-של-אייל-עמית-אדון-סליחות/,crawled-but-not-indexed,regex:/Blog/,301,http://eyalamit-co-il-2026.s887.upress.link/blog/43-%D7%94%D7%98%D7%95%D7%A8-%D7%A9%D7%9C-%D7%90%D7%99%D7%99%D7%9C-%D7%A2%D7%9E%D7%99%D7%AA-%D7%90%D7%93%D7%95%D7%9F-%D7%A1%D7%9C%D7%99%D7%97%D7%95%D7%AA/,200,2,/43-הטור-של-אייל-עמית-אדון-סליחות/,covered,https://www.eyalamit.co.il/Blog/43-הטור-של-אייל-עמית-אדון-סליחות/
/Blog/carousels-category/home-carousel-mini/,crawled-but-not-indexed,regex:/Blog/,301,http://eyalamit-co-il-2026.s887.upress.link/blog/carousels-category/home-carousel-mini/,404,1,/blog/carousels-category/home-carousel-mini/,needs-content-check,https://www.eyalamit.co.il/Blog/carousels-category/home-carousel-mini/
/Blog/pagescategory/כללי/,crawled-but-not-indexed,regex:/Blog/,301,http://eyalamit-co-il-2026.s887.upress.link/blog/pagescategory/%D7%9B%D7%9C%D7%9C%D7%99/,404,1,/blog/pagescategory/כללי/,needs-content-check,https://www.eyalamit.co.il/Blog/pagescategory/כללי/
/Blog/pagescategory/ספרים/,crawled-but-not-indexed,regex:/Blog/,301,http://eyalamit-co-il-2026.s887.upress.link/blog/pagescategory/%D7%A1%D7%A4%D7%A8%D7%99%D7%9D/,404,1,/blog/pagescategory/ספרים/,needs-content-check,https://www.eyalamit.co.il/Blog/pagescategory/ספרים/
/Blog/portfolio-category/art/,crawled-but-not-indexed,regex:/Blog/,301,http://eyalamit-co-il-2026.s887.upress.link/blog/portfolio-category/art/,404,1,/blog/portfolio-category/art/,needs-content-check,https://www.eyalamit.co.il/Blog/portfolio-category/art/
/Blog/portfolio-category/photography/,crawled-but-not-indexed,regex:/Blog/,301,http://eyalamit-co-il-2026.s887.upress.link/blog/portfolio-category/photography/,404,1,/blog/portfolio-category/photography/,needs-content-check,https://www.eyalamit.co.il/Blog/portfolio-category/photography/
/Blog/portfolio_page/amsterdam-jazz-festival/,crawled-but-not-indexed,regex:/Blog/,301,http://eyalamit-co-il-2026.s887.upress.link/blog/portfolio_page/amsterdam-jazz-festival/,404,1,/blog/portfolio_page/amsterdam-jazz-festival/,needs-content-check,https://www.eyalamit.co.il/Blog/portfolio_page/amsterdam-jazz-festival/
/Blog/portfolio_page/berlin-design-week-poster/,crawled-but-not-indexed,regex:/Blog/,301,http://eyalamit-co-il-2026.s887.upress.link/blog/portfolio_page/berlin-design-week-poster/,404,1,/blog/portfolio_page/berlin-design-week-poster/,needs-content-check,https://www.eyalamit.co.il/Blog/portfolio_page/berlin-design-week-poster/
/Blog/portfolio_page/clash-mayhem-tv/,crawled-but-not-indexed,regex:/Blog/,301,http://eyalamit-co-il-2026.s887.upress.link/blog/portfolio_page/clash-mayhem-tv/,404,1,/blog/portfolio_page/clash-mayhem-tv/,needs-content-check,https://www.eyalamit.co.il/Blog/portfolio_page/clash-mayhem-tv/
/Blog/portfolio_page/mother-volcano-artwork/,crawled-but-not-indexed,regex:/Blog/,301,http://eyalamit-co-il-2026.s887.upress.link/blog/portfolio_page/mother-volcano-artwork/,404,1,/blog/portfolio_page/mother-volcano-artwork/,needs-content-check,https://www.eyalamit.co.il/Blog/portfolio_page/mother-volcano-artwork/
/Blog/portfolio_page/pale-skin-apparel/,crawled-but-not-indexed,regex:/Blog/,301,http://eyalamit-co-il-2026.s887.upress.link/blog/portfolio_page/pale-skin-apparel/,404,1,/blog/portfolio_page/pale-skin-apparel/,needs-content-check,https://www.eyalamit.co.il/Blog/portfolio_page/pale-skin-apparel/
/Blog/portfolio_page/venice-art-pavilion/,crawled-but-not-indexed,regex:/Blog/,301,http://eyalamit-co-il-2026.s887.upress.link/blog/portfolio_page/venice-art-pavilion/,404,1,/blog/portfolio_page/venice-art-pavilion/,needs-content-check,https://www.eyalamit.co.il/Blog/portfolio_page/venice-art-pavilion/
/Blog/shop_order/,crawled-but-not-indexed,regex:/Blog/,301,http://eyalamit-co-il-2026.s887.upress.link/blog/shop_order/,404,1,/blog/shop_order/,needs-content-check,https://www.eyalamit.co.il/Blog/shop_order/
/Blog/shows/מופע-לדוגמה-4/,crawled-but-not-indexed,regex:/Blog/,301,http://eyalamit-co-il-2026.s887.upress.link/blog/shows/%D7%9E%D7%95%D7%A4%D7%A2-%D7%9C%D7%93%D7%95%D7%92%D7%9E%D7%94-4/,404,1,/blog/shows/מופע-לדוגמה-4/,needs-content-check,https://www.eyalamit.co.il/Blog/shows/מופע-לדוגמה-4/
/Blog/shows/11-7/,crawled-but-not-indexed,regex:/Blog/,301,http://eyalamit-co-il-2026.s887.upress.link/blog/shows/11-7/,404,1,/blog/shows/11-7/,needs-content-check,https://www.eyalamit.co.il/Blog/shows/11-7/
/Blog/slides-category/full-screen-slider/,crawled-but-not-indexed,regex:/Blog/,301,http://eyalamit-co-il-2026.s887.upress.link/blog/slides-category/full-screen-slider/,404,1,/blog/slides-category/full-screen-slider/,needs-content-check,https://www.eyalamit.co.il/Blog/slides-category/full-screen-slider/
/Blog/slides-category/home-slider-2/,crawled-but-not-indexed,regex:/Blog/,301,http://eyalamit-co-il-2026.s887.upress.link/blog/slides-category/home-slider-2/,404,1,/blog/slides-category/home-slider-2/,needs-content-check,https://www.eyalamit.co.il/Blog/slides-category/home-slider-2/
/Blog/slides-category/home-slider-3/,crawled-but-not-indexed,regex:/Blog/,301,http://eyalamit-co-il-2026.s887.upress.link/blog/slides-category/home-slider-3/,404,1,/blog/slides-category/home-slider-3/,needs-content-check,https://www.eyalamit.co.il/Blog/slides-category/home-slider-3/
/Blog/slides-category/home-slider/,crawled-but-not-indexed,regex:/Blog/,301,http://eyalamit-co-il-2026.s887.upress.link/blog/slides-category/home-slider/,404,1,/blog/slides-category/home-slider/,needs-content-check,https://www.eyalamit.co.il/Blog/slides-category/home-slider/
/Blog/slides-category/macbook/,crawled-but-not-indexed,regex:/Blog/,301,http://eyalamit-co-il-2026.s887.upress.link/blog/slides-category/macbook/,404,1,/blog/slides-category/macbook/,needs-content-check,https://www.eyalamit.co.il/Blog/slides-category/macbook/
/Blog/slides-category/video-header/,crawled-but-not-indexed,regex:/Blog/,301,http://eyalamit-co-il-2026.s887.upress.link/blog/slides-category/video-header/,404,1,/blog/slides-category/video-header/,needs-content-check,https://www.eyalamit.co.il/Blog/slides-category/video-header/
/Blog/slides-category/walking/,crawled-but-not-indexed,regex:/Blog/,301,http://eyalamit-co-il-2026.s887.upress.link/blog/slides-category/walking/,404,1,/blog/slides-category/walking/,needs-content-check,https://www.eyalamit.co.il/Blog/slides-category/walking/
/Blog/slides-category/white-slider/,crawled-but-not-indexed,regex:/Blog/,301,http://eyalamit-co-il-2026.s887.upress.link/blog/slides-category/white-slider/,404,1,/blog/slides-category/white-slider/,needs-content-check,https://www.eyalamit.co.il/Blog/slides-category/white-slider/
/Blog/tag/דרמה/,crawled-but-not-indexed,regex:/Blog/,301,http://eyalamit-co-il-2026.s887.upress.link/blog/tag/%D7%93%D7%A8%D7%9E%D7%94/,404,1,/blog/tag/דרמה/,needs-content-check,https://www.eyalamit.co.il/Blog/tag/דרמה/
/Blog/tag/הופעה/,crawled-but-not-indexed,regex:/Blog/,301,http://eyalamit-co-il-2026.s887.upress.link/blog/tag/%D7%94%D7%95%D7%A4%D7%A2%D7%94/,404,1,/blog/tag/הופעה/,needs-content-check,https://www.eyalamit.co.il/Blog/tag/הופעה/
/Blog/tag/חוק-הספרים/,crawled-but-not-indexed,regex:/Blog/,301,http://eyalamit-co-il-2026.s887.upress.link/blog/tag/%D7%97%D7%95%D7%A7-%D7%94%D7%A1%D7%A4%D7%A8%D7%99%D7%9D/,404,1,/blog/tag/חוק-הספרים/,needs-content-check,https://www.eyalamit.co.il/Blog/tag/חוק-הספרים/
/Blog/tag/ילדים/,crawled-but-not-indexed,regex:/Blog/,301,http://eyalamit-co-il-2026.s887.upress.link/blog/tag/%D7%99%D7%9C%D7%93%D7%99%D7%9D/,404,1,/blog/tag/ילדים/,needs-content-check,https://www.eyalamit.co.il/Blog/tag/ילדים/
/Blog/tag/מוסיקה/,crawled-but-not-indexed,regex:/Blog/,301,http://eyalamit-co-il-2026.s887.upress.link/blog/tag/%D7%9E%D7%95%D7%A1%D7%99%D7%A7%D7%94/,404,1,/blog/tag/מוסיקה/,needs-content-check,https://www.eyalamit.co.il/Blog/tag/מוסיקה/
/Blog/tag/מופע-סיפורים/,crawled-but-not-indexed,regex:/Blog/,301,http://eyalamit-co-il-2026.s887.upress.link/blog/tag/%D7%9E%D7%95%D7%A4%D7%A2-%D7%A1%D7%99%D7%A4%D7%95%D7%A8%D7%99%D7%9D/,404,1,/blog/tag/מופע-סיפורים/,needs-content-check,https://www.eyalamit.co.il/Blog/tag/מופע-סיפורים/
/Blog/testimonials-category/web-design-2/,crawled-but-not-indexed,regex:/Blog/,301,http://eyalamit-co-il-2026.s887.upress.link/blog/testimonials-category/web-design-2/,404,1,/blog/testimonials-category/web-design-2/,needs-content-check,https://www.eyalamit.co.il/Blog/testimonials-category/web-design-2/
/Blog/testimonials-category/web-development/,crawled-but-not-indexed,regex:/Blog/,301,http://eyalamit-co-il-2026.s887.upress.link/blog/testimonials-category/web-development/,404,1,/blog/testimonials-category/web-development/,needs-content-check,https://www.eyalamit.co.il/Blog/testimonials-category/web-development/
/Gallery/מוקש/,crawled-but-not-indexed,no,301,http://eyalamit-co-il-2026.s887.upress.link/%d7%9e%d7%95%d7%a7%d7%a9-%d7%93%d7%94%d7%99%d7%9e%d7%9f-%d7%9e%d7%90%d7%a1%d7%98%d7%a8-%d7%93%d7%99%d7%92%d7%a8%d7%99%d7%93%d7%95-%d7%a6%d7%99%d7%95%d7%a8-%d7%9e%d7%a7%d7%95%d7%a8%d7%99-%d7%97/,200,1,/מוקש-דהימן-מאסטר-דיגרידו-ציור-מקורי-ח/,covered,https://www.eyalamit.co.il/Gallery/מוקש/
/album/16883/,crawled-but-not-indexed,no,404,,,,,needs-410,https://www.eyalamit.co.il/album/16883/
/qr/qr1/,crawled-but-not-indexed,no,200,,,,,false-positive,https://www.eyalamit.co.il/qr/qr1/
/qr/qr11/,crawled-but-not-indexed,no,200,,,,,false-positive,https://www.eyalamit.co.il/qr/qr11/
/qr/qr16/,crawled-but-not-indexed,no,200,,,,,false-positive,https://www.eyalamit.co.il/qr/qr16/
/qr/qr24/,crawled-but-not-indexed,no,200,,,,,false-positive,https://www.eyalamit.co.il/qr/qr24/
/qr/qr29/,crawled-but-not-indexed,no,200,,,,,false-positive,https://www.eyalamit.co.il/qr/qr29/
/qr/qr35/,crawled-but-not-indexed,no,200,,,,,false-positive,https://www.eyalamit.co.il/qr/qr35/
/qr/qr37/,crawled-but-not-indexed,no,200,,,,,false-positive,https://www.eyalamit.co.il/qr/qr37/
/qr/qr38/,crawled-but-not-indexed,no,200,,,,,false-positive,https://www.eyalamit.co.il/qr/qr38/
/qr/qr39/,crawled-but-not-indexed,no,200,,,,,false-positive,https://www.eyalamit.co.il/qr/qr39/
/qr/qr42/,crawled-but-not-indexed,no,200,,,,,false-positive,https://www.eyalamit.co.il/qr/qr42/
/qr/qr43/,crawled-but-not-indexed,no,200,,,,,false-positive,https://www.eyalamit.co.il/qr/qr43/
/qr/qr44/,crawled-but-not-indexed,no,200,,,,,false-positive,https://www.eyalamit.co.il/qr/qr44/
/qr/qr45/,crawled-but-not-indexed,no,200,,,,,false-positive,https://www.eyalamit.co.il/qr/qr45/
/qr/qr47/,crawled-but-not-indexed,no,200,,,,,false-positive,https://www.eyalamit.co.il/qr/qr47/
/qr/qr48/,crawled-but-not-indexed,no,200,,,,,false-positive,https://www.eyalamit.co.il/qr/qr48/
/qr/qr6/,crawled-but-not-indexed,no,200,,,,,false-positive,https://www.eyalamit.co.il/qr/qr6/
/shop/תקנון/,crawled-but-not-indexed,yes,301,http://eyalamit-co-il-2026.s887.upress.link/,200,1,/,covered,https://www.eyalamit.co.il/shop/תקנון/
/shop/checkout/,crawled-but-not-indexed,yes,301,http://eyalamit-co-il-2026.s887.upress.link/shop/,200,1,/shop/,covered,https://www.eyalamit.co.il/shop/checkout/
/shop/my-account/,crawled-but-not-indexed,yes,301,http://eyalamit-co-il-2026.s887.upress.link/shop/,200,1,/shop/,covered,https://www.eyalamit.co.il/shop/my-account/
/thankyou/,crawled-but-not-indexed,no,410,,,,,covered,https://www.eyalamit.co.il/thankyou/
/מוזה-הוצאה-לאור/,server-error,yes,301,http://eyalamit-co-il-2026.s887.upress.link/books/,200,1,/books/,covered,https://www.eyalamit.co.il/מוזה-הוצאה-לאור/?customize_changeset_uuid=d621faf4-8d7c-4b8e-816e-eea336c06456&customize_autosaved=on&customize_messenger_channel=preview-155
/פרדס-חנה/תיקים-וסטנדים-לדיגרידו-2/,server-error,no,404,,,,,needs-410,https://www.eyalamit.co.il/פרדס-חנה/תיקים-וסטנדים-לדיגרידו-2/
/תופעת-יחיד/,server-error,no,404,,,,,needs-410,https://www.eyalamit.co.il/תופעת-יחיד/
